age,income,employment_length,loan_amount,interest_rate,home_ownership,loan_intent,historical_default,loan_status
56,158262,23,43460,18.37328796027365,Mortgage,Business,1,1
69,58333,7,23796,3.3439127896552283,Other,Medical,0,0
46,141929,41,32746,14.886211738730378,Rent,Education,1,0
32,109571,44,87785,3.947551570581868,Rent,Home,1,0
60,140263,7,1015,22.78615272400566,Other,Medical,1,0
25,152661,3,50757,22.863700641143048,Other,Home,0,0
78,45235,26,26957,18.059358765701994,Own,Education,0,0
38,20159,35,82541,23.30234519310735,Other,Business,0,0
56,163217,4,22292,20.663419699514883,Rent,Medical,1,1
75,182993,32,32876,21.056387246322135,Rent,Medical,1,1
36,124859,48,61727,15.103280563108465,Mortgage,Medical,1,0
40,167309,33,48046,9.039361558972045,Own,Personal,0,0
28,127507,29,15817,7.009379647677696,Mortgage,Education,0,0
28,159316,7,92006,9.52560050689537,Own,Personal,0,0
41,34743,38,10759,16.455394892048428,Mortgage,Medical,0,0
70,66101,46,49432,5.971100324145175,Own,Medical,0,0
53,141534,25,7412,7.948725442658397,Other,Home,0,0
57,104227,36,58757,12.765399844295683,Rent,Personal,1,0
41,91126,33,21504,7.360152266066158,Other,Business,0,0
20,76071,6,9507,15.538804403469417,Own,Education,1,0
39,94763,39,22050,23.233048654495587,Own,Business,1,0
70,163309,27,5820,19.20605541117191,Mortgage,Business,0,0
19,166721,38,8835,17.327812125424998,Own,Education,0,1
41,188785,38,94167,15.402593947626912,Other,Medical,0,0
61,196481,27,14587,13.222801912912493,Own,Home,0,0
47,199838,13,58732,6.290968771597173,Own,Medical,0,0
55,66154,49,52921,22.578340474817907,Mortgage,Medical,0,0
19,27016,37,46499,7.716328046295235,Own,Personal,1,0
77,199760,3,7840,4.100104184297697,Mortgage,Business,0,0
38,109678,41,66077,19.25034912225999,Rent,Business,0,0
50,132056,17,32440,6.039157289616827,Mortgage,Business,1,0
29,74238,43,36183,10.553607989447048,Own,Home,0,0
75,78608,47,97172,2.6505533506925336,Rent,Home,0,0
39,109081,24,3389,5.152562678430305,Own,Home,0,0
78,182969,6,56076,5.983683507477978,Mortgage,Education,0,0
61,70961,37,67299,3.251432938254093,Other,Home,0,0
42,195829,27,90461,17.103110002325437,Rent,Personal,1,1
66,46917,4,93085,21.251179303471698,Other,Personal,0,0
44,173808,2,40023,10.586254346416641,Other,Medical,0,0
76,47990,43,51029,22.115258964518617,Rent,Medical,0,0
59,82551,30,40941,6.90697121488291,Other,Medical,0,0
45,173512,46,89993,9.483979741908508,Other,Medical,1,1
77,186277,41,54950,5.466950839716873,Other,Personal,1,1
33,100811,19,87959,16.27286149463697,Other,Medical,0,0
32,75103,18,77054,11.657000590017057,Rent,Personal,1,0
79,192699,47,66363,16.10551697736367,Own,Home,0,0
79,126122,10,62742,19.518522824066224,Other,Home,0,0
64,39008,39,98896,14.551169368757815,Rent,Education,0,0
79,52402,2,46215,16.43549816274112,Rent,Medical,0,0
68,156865,22,48857,23.510757231069658,Rent,Home,0,0
61,156643,6,56476,8.87847912100339,Rent,Home,0,1
72,167281,22,29173,10.260770588580922,Mortgage,Business,0,1
69,133550,6,10395,18.50717731931475,Own,Business,0,0
74,194220,45,60768,16.060026892273896,Own,Personal,1,0
20,111218,33,85743,6.106256804413441,Other,Education,0,0
54,153296,41,47229,10.651388130241275,Rent,Business,0,0
68,199767,18,27639,12.760274301868444,Mortgage,Education,1,1
24,140779,8,63583,11.645966273272956,Rent,Home,0,1
38,149714,47,29924,6.1003205914069385,Other,Personal,0,1
26,52441,17,73969,23.261892111038033,Own,Education,0,0
56,190201,40,31104,19.533331518961443,Other,Business,1,1
35,82368,47,38594,13.071184138480602,Other,Home,1,0
21,112122,44,4664,17.64140365105724,Other,Medical,1,0
42,64760,41,11528,22.637501459117,Other,Home,1,0
77,43478,24,29190,5.132005274316138,Other,Business,0,0
31,147881,13,67033,7.7585801662604865,Other,Business,1,1
67,91854,43,62161,14.482128686902836,Other,Medical,0,0
75,114230,24,74177,20.377238541104248,Own,Home,0,0
26,105716,18,71179,2.8338625951551295,Own,Education,0,0
43,163252,38,71592,24.632417454516293,Rent,Education,0,0
70,118538,14,33899,12.462851866295134,Rent,Home,0,0
19,35372,15,71979,10.262316234299629,Mortgage,Education,0,0
37,49796,26,18241,8.732662070314753,Mortgage,Home,0,0
45,118826,39,47211,6.010204275970048,Own,Home,0,0
64,140592,9,64472,20.20619990539064,Own,Business,0,0
77,113635,3,75248,23.97452578916022,Mortgage,Personal,0,0
24,131022,18,74757,11.51382936144416,Own,Business,0,0
61,74040,27,32346,23.905675979329494,Mortgage,Education,1,0
78,95357,20,82196,20.947345155005785,Rent,Personal,1,0
25,98356,46,78124,13.06417593195532,Own,Home,0,0
64,36211,13,43220,17.502602119901052,Own,Education,1,0
52,125426,32,18942,12.004636120920647,Mortgage,Medical,0,0
31,25842,47,50167,14.850638388888704,Other,Education,0,0
34,86852,9,37373,3.3350657514255877,Other,Personal,0,0
53,145737,18,68143,18.01405993191226,Rent,Personal,0,0
67,65968,29,3016,3.2149668231351445,Own,Home,0,0
57,37508,21,70110,20.79295377915194,Own,Medical,0,0
21,173077,2,47309,20.973779377592823,Mortgage,Home,0,0
19,74575,36,8274,7.452777613792936,Other,Medical,0,0
79,170043,40,16748,9.444243963823407,Other,Medical,1,1
23,176671,17,21175,13.070138706840746,Rent,Home,0,1
71,86914,10,12826,15.723246859447073,Other,Education,0,0
59,87055,47,84008,8.609134220065926,Other,Business,0,0
21,107697,1,35129,15.627187306534276,Other,Medical,1,0
71,126239,11,71009,8.849102684273873,Mortgage,Personal,0,0
46,143106,5,24490,3.276286584634396,Other,Home,1,1
35,25355,42,42435,2.0581336461339057,Rent,Education,1,0
43,74120,39,76017,4.326474332123858,Other,Medical,0,0
61,58342,43,9520,20.22176610377242,Rent,Education,0,0
51,22257,28,92951,24.112920184816755,Mortgage,Home,0,0
27,47364,29,84106,11.820222583468043,Mortgage,Personal,1,0
79,176044,1,62877,13.791730929348684,Rent,Medical,0,0
53,131715,8,20798,5.3775078886888,Mortgage,Medical,0,0
31,46654,46,55638,14.673721111643612,Own,Education,0,0
48,101423,1,70072,5.327062746160467,Own,Home,0,0
65,49320,28,68309,16.05792961757309,Own,Business,0,0
32,40808,32,30894,23.46494935435964,Own,Medical,1,0
25,72389,9,63963,6.501066403969911,Own,Personal,0,0
31,138581,33,55567,19.584965515313346,Mortgage,Medical,1,0
40,147927,43,36326,2.540555724821453,Rent,Medical,0,1
77,54773,7,56059,10.636436550397283,Mortgage,Business,0,0
74,178819,36,6079,4.547215680101708,Other,Business,0,0
79,96396,32,26838,10.106935156701088,Own,Home,0,0
57,127692,46,88340,5.991349151694321,Own,Medical,0,0
38,77505,5,48109,10.586014772826411,Mortgage,Medical,0,1
33,105896,43,86211,11.603024540473198,Other,Education,0,0
62,38135,39,26594,8.913595823961122,Mortgage,Education,0,0
35,110887,44,43749,17.10230483788197,Rent,Personal,0,0
64,142118,18,37292,23.133597178954922,Own,Personal,0,0
70,67377,31,75534,11.213693604421264,Mortgage,Education,0,0
41,174626,26,80233,6.423892598925493,Rent,Personal,0,0
43,82491,0,52818,8.226623438507616,Own,Medical,0,0
42,78283,42,14429,21.642018940416484,Own,Business,0,0
77,36923,32,58748,15.147713635213401,Own,Medical,0,0
77,67591,39,49807,12.465253743060018,Other,Education,0,0
77,82261,31,8140,5.4416445947053145,Mortgage,Home,0,1
62,74336,4,64226,12.343728091446984,Own,Home,0,0
58,94083,16,15901,8.405316077219894,Own,Education,0,0
46,80948,7,89815,23.692751940627033,Rent,Medical,0,0
32,184074,41,29525,22.333612516561818,Mortgage,Personal,0,1
62,46672,33,21491,3.929758462048554,Rent,Personal,0,0
18,24213,8,69816,13.883030253008586,Mortgage,Home,0,0
42,161365,22,35980,7.176341946837458,Own,Education,1,1
24,82507,34,96525,11.447873059058683,Other,Education,0,0
26,77134,49,9078,22.1675039597835,Rent,Business,0,0
41,153172,6,92654,14.13283395743653,Other,Home,0,0
18,48172,14,90521,9.686951747527477,Other,Education,0,0
61,40132,19,49704,6.781432144414932,Other,Business,0,0
25,38199,49,17997,20.407471766349254,Mortgage,Personal,0,0
41,56609,24,80810,16.363914353379982,Mortgage,Home,0,1
28,194037,2,1868,12.765505589803318,Other,Home,0,0
68,159088,45,27398,7.002140138848495,Own,Education,1,1
34,190851,23,82578,9.68766660561402,Own,Education,1,1
25,51881,33,98356,24.076398814985925,Other,Medical,0,0
52,44472,45,22246,13.962068564934189,Rent,Personal,1,0
52,187093,21,21561,11.216083468594817,Rent,Personal,0,1
50,74131,10,17254,13.99270697401145,Mortgage,Business,0,0
76,175159,47,35512,19.916735635690998,Rent,Business,0,0
22,32828,7,90532,9.82250553956598,Own,Medical,0,0
59,116664,38,95154,6.1102407814500035,Other,Personal,0,0
56,152473,42,78395,15.4535307217981,Rent,Business,0,0
75,35193,34,58865,17.299694380064544,Other,Personal,0,0
58,195936,48,24580,18.39251406804664,Rent,Personal,0,1
45,171379,45,71959,22.285714587620983,Mortgage,Business,0,0
24,122518,37,73144,10.5370047758496,Own,Education,0,0
26,39611,7,43485,3.7331626132645113,Mortgage,Education,0,0
25,194863,36,51621,24.04201742351167,Other,Business,0,0
29,163022,26,51665,12.00527433106193,Own,Medical,0,1
51,96240,27,71412,16.33492272248202,Own,Home,0,0
50,22745,39,51603,17.32502243195072,Mortgage,Personal,0,0
65,75243,33,22038,14.569815300127681,Rent,Home,0,0
72,23866,31,94542,6.720923183934212,Mortgage,Business,0,0
40,183317,14,97346,19.368290152671253,Other,Personal,0,0
79,195796,43,15325,20.48629540899388,Rent,Home,0,0
41,148681,16,36892,14.718438478401115,Mortgage,Education,0,1
54,91354,32,2753,13.236906693451356,Mortgage,Medical,0,0
52,71374,46,96067,4.620578211943663,Rent,Home,1,0
61,134397,45,18996,3.9308882144950283,Rent,Medical,1,1
57,144577,15,69811,9.80999144796116,Rent,Education,0,1
39,181188,28,75283,9.149461576900045,Mortgage,Home,0,0
44,101029,8,46211,23.934098372155237,Rent,Business,0,0
52,113574,32,63820,20.023323076198885,Rent,Personal,0,0
18,171519,48,1824,17.17825879095838,Rent,Education,0,0
52,50431,28,14880,13.905906047404917,Own,Medical,0,0
54,168980,12,67617,5.8494532067129805,Other,Medical,1,1
64,49336,20,12517,24.504503460238528,Rent,Education,0,0
31,60992,20,22683,10.62593605952483,Other,Business,0,0
20,75350,4,17876,4.45928885628663,Rent,Business,0,0
18,89561,9,57354,13.35737460146216,Rent,Medical,0,0
22,71955,5,74802,22.101954267100915,Own,Education,0,0
43,81240,12,77719,22.407693040878577,Own,Education,0,0
72,171165,0,87602,2.252216069298287,Rent,Personal,0,0
31,157227,19,79413,22.384802129282193,Rent,Medical,1,1
56,66607,46,10982,8.244137002496746,Rent,Business,0,0
44,184559,45,75504,2.8963643712737306,Other,Home,1,1
26,172035,7,27598,21.49917621834611,Rent,Business,0,1
32,72870,9,15639,21.86893538772879,Other,Business,0,0
32,84110,8,71210,15.71331483637405,Own,Home,0,0
43,172008,48,70852,15.211976417816242,Other,Medical,1,1
59,136895,40,10695,20.701766270292644,Rent,Personal,0,0
77,24426,2,49582,20.085119712336436,Own,Business,0,0
30,47606,10,32094,22.472425889182194,Mortgage,Business,0,0
68,198904,11,61635,14.71319129472418,Own,Medical,0,0
49,48151,9,23187,24.2558831328546,Mortgage,Medical,0,0
56,31308,24,2214,24.911377111466784,Other,Education,1,0
66,196743,48,24940,4.680526029968549,Own,Medical,0,0
69,110306,48,45406,21.539506469744808,Own,Medical,0,0
78,126984,24,92221,13.495911928217547,Own,Business,1,0
49,22204,10,44481,10.91402578089614,Other,Personal,0,0
21,112769,35,16977,16.100663127302447,Rent,Business,0,0
47,107265,38,45839,3.287207817026162,Other,Medical,0,0
54,51131,25,58874,13.648605731642837,Own,Education,0,0
40,72428,13,59414,22.030483110613336,Rent,Personal,1,0
56,53870,38,26538,6.909614871196283,Own,Education,0,0
62,123547,39,57241,11.806967579696778,Own,Home,1,0
32,69067,0,74501,23.608060417442136,Mortgage,Education,0,0
60,132217,3,76133,11.856968269531038,Own,Education,0,0
46,172679,29,61481,10.24245554364516,Other,Medical,0,1
53,176040,11,28740,12.1323429068377,Other,Medical,0,1
30,118934,34,64328,13.947413629903796,Other,Medical,0,0
49,162980,12,73105,16.535800915023785,Rent,Medical,0,1
24,177495,30,51643,20.415934421084817,Mortgage,Medical,0,0
76,94707,37,12881,12.398350732579228,Mortgage,Education,1,0
68,81215,42,37996,20.802061507073226,Own,Home,0,0
39,69429,22,33177,14.275575211097854,Own,Medical,0,0
45,102152,3,38177,9.785051738463487,Mortgage,Home,0,0
19,128048,15,67126,17.132869046746528,Rent,Home,1,1
59,189530,6,57531,18.5076118591003,Other,Business,0,0
62,197241,21,27119,14.835126439478213,Own,Business,0,0
79,158731,28,28915,3.3021443820986383,Mortgage,Personal,0,0
74,97240,10,3708,5.9073061286989725,Rent,Business,0,0
70,183865,32,39749,8.561847580475249,Other,Medical,0,0
23,133688,28,45989,8.500388936884342,Own,Home,0,0
45,66473,38,23106,17.488678405678023,Other,Personal,1,0
45,116762,11,18131,2.422019218493549,Other,Business,0,0
61,126956,6,47553,19.380680872138957,Mortgage,Education,0,0
61,138452,38,59144,8.102876920559464,Mortgage,Personal,1,1
37,146311,41,7553,9.130502462970355,Other,Medical,1,1
47,27006,47,18881,14.141926042710258,Other,Home,0,0
79,94218,25,2379,6.966288821596023,Own,Medical,1,0
28,184912,39,91791,22.342840212237135,Rent,Medical,1,1
75,52430,8,70306,3.9634819245110013,Rent,Education,1,0
72,43091,40,20726,12.220794332924491,Other,Education,1,0
45,184055,33,10088,21.53671219746247,Mortgage,Home,0,0
42,43989,44,35314,16.164409571688424,Rent,Business,0,0
56,95451,12,56041,8.72357886438057,Other,Medical,0,0
79,38990,35,17350,11.677484778858597,Mortgage,Business,0,0
50,110270,24,82397,18.253970747877837,Own,Home,0,0
18,100360,23,80509,24.384997097369684,Rent,Medical,0,0
74,56081,43,18769,22.54219052272697,Own,Business,0,0
44,162105,16,48249,9.875954592794667,Mortgage,Medical,0,0
79,128272,1,83862,24.958551223620724,Other,Education,1,0
74,36241,12,47365,2.0806072612143405,Own,Education,1,0
69,144932,30,51185,2.635484383593547,Other,Personal,0,0
30,25939,28,3786,20.948331848937457,Rent,Home,0,0
58,133000,49,2620,6.587641797160196,Own,Business,1,0
20,198634,27,37303,3.39769317311354,Rent,Medical,1,1
56,55063,26,20589,7.454405684439551,Rent,Personal,1,0
23,178117,14,3882,11.800303541559785,Rent,Home,1,1
25,195841,30,63248,18.80302421996831,Rent,Home,1,0
44,67118,39,50322,16.359717110677728,Rent,Home,0,0
26,104703,14,25524,7.46528800388967,Mortgage,Business,0,0
79,172697,32,10745,13.575220306313442,Own,Education,1,1
54,148557,19,16861,23.30292442416708,Other,Personal,0,0
50,47076,41,92707,20.74517887062643,Other,Business,1,0
68,64605,11,92735,9.433365051131247,Mortgage,Medical,0,0
59,104565,36,55261,24.592084911181015,Other,Business,1,0
61,59121,8,3837,18.298269210008012,Other,Medical,0,0
41,51433,22,75135,3.436335180335981,Other,Medical,0,0
32,63309,7,82447,2.8086964056386896,Own,Home,0,0
76,87468,31,55380,5.87338282723069,Other,Business,1,1
71,195326,47,87089,18.740684965153378,Own,Education,0,0
49,87293,13,50831,6.225995294375842,Other,Medical,1,0
49,116258,26,90349,13.76419569180317,Other,Home,1,0
41,188925,24,39255,4.1449827641591295,Own,Education,0,0
58,58405,12,30520,23.180381630094487,Mortgage,Business,1,0
69,63527,20,30541,9.911094112422054,Other,Education,0,0
66,97227,44,66772,22.88703730089451,Rent,Business,0,0
79,151564,30,28350,23.73213976394252,Rent,Medical,0,1
66,159883,36,45397,2.140958888214658,Mortgage,Personal,1,1
75,113344,47,78085,12.675109305570837,Rent,Personal,0,0
69,175344,42,64865,2.5670892812585366,Own,Medical,0,1
29,67153,4,56956,22.899933624966835,Other,Education,0,0
79,128042,12,28453,13.923373528895244,Other,Business,0,0
56,74110,27,63345,3.723712292065427,Other,Personal,0,0
19,165051,42,13906,4.536364750361038,Other,Business,0,0
20,48328,24,15988,10.820707563332999,Rent,Medical,0,0
66,132911,34,28723,23.625386436076457,Rent,Education,0,0
54,32867,46,34800,17.936910486065862,Rent,Business,0,0
66,79234,38,40107,21.955233922350047,Own,Education,0,0
73,45851,6,28430,10.428502865819532,Rent,Personal,0,0
34,51279,37,33535,2.9939150896499616,Rent,Business,0,0
76,93402,31,69476,24.409305655701523,Other,Home,0,0
66,35449,2,88329,2.3949787852344997,Rent,Personal,0,0
19,96221,44,78798,23.795988020865046,Mortgage,Education,0,0
19,109080,38,53284,10.479580748530328,Mortgage,Medical,0,0
45,25451,36,57232,2.2320793155032748,Other,Home,0,0
71,107178,49,45420,17.85061632966369,Rent,Business,1,0
40,192388,21,38710,24.552426992721145,Mortgage,Personal,0,0
54,83761,7,73497,24.20939162526463,Mortgage,Business,0,0
49,58870,16,93035,5.701551257655624,Own,Business,0,0
50,116566,26,41498,6.1686995395215645,Other,Home,0,1
18,143749,32,32283,15.007395036252182,Mortgage,Home,1,1
36,143765,45,67169,16.658011007851464,Mortgage,Home,0,0
79,144881,16,73358,19.00661201431491,Other,Home,0,0
19,181945,41,63457,6.164158290859393,Rent,Medical,0,1
70,148389,11,26968,24.057162995581994,Other,Education,0,0
61,45372,47,63508,16.69100289465247,Own,Home,0,0
43,23642,45,64220,21.48207913402276,Own,Personal,0,0
49,179073,26,86366,14.42151145153595,Own,Business,0,0
23,54064,47,6738,11.5283674945673,Mortgage,Home,0,0
49,34122,7,4098,24.475206851684906,Rent,Personal,0,0
72,175892,22,96424,15.38879152885623,Own,Medical,0,0
21,88431,41,74633,21.938092404381116,Other,Personal,0,0
72,75745,48,79672,23.92572511642467,Own,Personal,0,0
28,70081,28,39244,17.533156421199163,Mortgage,Medical,0,0
73,159783,49,9253,14.625589605929523,Own,Medical,0,1
76,169865,19,55333,2.080749570944964,Rent,Business,0,0
34,159271,15,51969,2.920451736997138,Own,Home,0,0
55,96253,16,91744,6.619577969175675,Rent,Personal,0,0
41,56191,15,71423,6.27819393268789,Rent,Education,0,0
22,30211,18,45411,7.859452289596443,Other,Education,0,0
69,131086,7,76028,9.013496667046198,Rent,Business,0,0
51,172614,37,36421,10.28150635166675,Mortgage,Education,1,0
23,182384,37,2454,11.67236687158416,Mortgage,Business,1,1
39,196314,28,18522,4.273925784488338,Rent,Home,0,1
28,121971,40,39575,2.974324434913987,Rent,Business,1,0
65,113783,35,4192,17.500722328679537,Own,Medical,0,0
33,145681,25,56268,14.358700971390787,Own,Medical,0,0
50,107893,30,82311,12.215316651062752,Other,Medical,1,0
26,178763,43,11402,16.592118646872102,Own,Medical,0,0
77,97960,11,79610,21.036626365681432,Mortgage,Medical,0,0
76,104388,16,81781,11.836936909672707,Own,Medical,1,0
23,42601,14,37527,16.745747696195526,Other,Medical,0,0
33,169092,8,53181,23.93216114820865,Other,Medical,0,0
46,159227,38,92472,21.311363404815896,Rent,Medical,0,0
20,187849,41,28002,11.798018641555418,Other,Home,1,1
37,39710,47,82219,16.82848726973909,Rent,Medical,1,0
77,128714,11,13460,6.072631204066615,Mortgage,Business,0,0
76,175604,31,31482,14.892010252587067,Mortgage,Home,1,0
53,148727,24,17447,24.570550696184185,Own,Education,0,0
36,169673,38,49228,13.921247649658012,Other,Personal,1,1
43,83227,17,84265,23.33568088137339,Mortgage,Home,0,0
20,156039,14,51126,11.368703171574996,Rent,Medical,0,0
36,104289,31,21545,24.973431025246516,Other,Home,0,0
37,171094,5,56114,15.32206081023383,Other,Personal,0,1
49,194535,43,94740,2.972186867426495,Rent,Personal,0,1
24,25722,42,76350,15.495360323901926,Other,Medical,1,0
69,178485,34,58801,8.315172000630723,Other,Medical,0,1
58,101050,33,14890,2.7470704068255785,Mortgage,Business,1,0
50,103596,37,53482,20.879626007977258,Rent,Personal,0,0
57,86732,4,64397,8.341781650557387,Mortgage,Medical,0,0
56,163369,17,2740,20.320616743069465,Rent,Personal,0,0
35,88323,15,31121,8.62900440798494,Own,Business,1,0
57,43816,7,12218,6.469506139096809,Other,Education,0,0
18,60695,24,72591,24.40051820440183,Other,Personal,1,0
28,170774,31,89241,10.31784253836545,Mortgage,Business,1,1
45,176314,25,35722,15.83165286319269,Other,Business,0,0
74,75841,21,50431,16.029574334732846,Other,Business,0,0
42,148498,30,52543,14.890890089990542,Mortgage,Home,1,0
67,127096,42,43000,23.038002100987935,Mortgage,Medical,1,0
40,112764,9,72975,17.512144641437978,Rent,Personal,0,0
48,105744,11,31921,11.285859094413395,Own,Home,0,0
47,48482,27,89747,21.834748844058304,Mortgage,Personal,0,1
59,29171,5,31614,6.164446679667181,Rent,Home,0,0
52,120755,19,62189,14.517445425039602,Mortgage,Medical,0,0
24,128125,4,18601,23.862658554706396,Rent,Business,0,0
77,150722,22,94332,16.38414548724949,Own,Personal,0,0
33,126082,8,72543,20.790274360922155,Rent,Business,0,0
43,23696,28,21514,17.031896687539437,Rent,Medical,1,0
65,146310,15,84312,21.30552986137148,Other,Personal,1,1
74,171130,45,68612,23.723221236440605,Mortgage,Education,1,1
69,171385,21,91886,8.277199733252946,Rent,Education,1,1
77,39149,7,17292,5.902204868904533,Mortgage,Education,0,0
66,150064,19,32510,13.131787257648417,Rent,Medical,1,1
19,73521,13,29000,18.142835816956964,Other,Education,1,0
18,65740,38,31383,7.225398823190971,Other,Personal,1,0
65,126611,36,12785,2.0943333598938425,Own,Education,0,0
79,156028,49,41910,9.887507664244222,Rent,Personal,0,0
29,86641,33,40028,24.283764715759133,Other,Medical,0,0
22,83811,10,25855,17.984251593934474,Mortgage,Business,0,0
54,83232,39,25281,11.230485210648151,Rent,Home,1,0
49,35417,32,5841,6.429250238977327,Rent,Education,0,0
76,175801,30,98204,10.19006249635918,Own,Home,1,1
72,132492,43,61155,5.906306965928703,Mortgage,Business,0,0
26,50099,33,27918,4.445033890197882,Own,Medical,0,0
58,181033,49,57313,22.85507456916874,Rent,Medical,0,1
52,163674,6,18443,24.945957782635894,Own,Business,0,0
36,138474,48,33250,5.774632110703177,Rent,Home,0,0
65,29256,22,2922,3.254018854200434,Rent,Education,0,0
33,54681,45,32976,9.583815464362884,Own,Personal,0,0
20,111328,6,12991,12.618161157512553,Own,Medical,1,0
37,63361,24,54744,6.7108886827446526,Rent,Business,0,0
41,54540,2,23733,8.932772971366845,Own,Home,1,0
71,177608,37,3473,6.620026920908127,Own,Education,0,0
73,104700,19,9108,19.807993073946378,Rent,Home,0,0
50,98532,33,29715,18.389292694686997,Mortgage,Education,0,0
41,147626,48,33210,16.603884862502582,Own,Personal,1,1
69,153943,43,38317,10.90601071282171,Own,Personal,0,1
28,66002,43,66516,22.90794165022743,Other,Business,0,0
66,69812,29,34362,24.29924845530546,Mortgage,Business,1,0
25,173698,16,55604,5.993704190384475,Own,Education,0,0
53,128946,9,5889,7.129290752473195,Rent,Education,0,0
55,86668,34,90557,14.089513644008502,Other,Education,1,0
57,119003,19,74748,4.098763093491641,Other,Education,0,0
37,62998,17,32971,12.038313172931595,Other,Personal,0,0
79,124601,44,51551,15.381199089887334,Own,Business,0,0
52,196679,43,4201,14.007692136158662,Rent,Business,0,0
65,27812,26,90882,9.6108974107946,Other,Medical,0,0
79,81844,48,38958,14.476253539775756,Mortgage,Business,0,0
42,153251,35,80251,24.0524219479535,Other,Business,1,0
52,194870,22,6681,6.738400298701649,Other,Home,0,1
42,94601,31,47870,17.061121243062082,Mortgage,Home,0,0
46,159347,9,83256,2.9981239655891927,Other,Medical,1,1
35,67857,10,68203,3.5275773030730035,Other,Education,0,0
63,145555,37,29152,14.692049157142456,Mortgage,Medical,0,0
35,40700,5,51061,4.413601147542838,Own,Medical,1,0
19,190536,40,58619,2.5139761338177187,Mortgage,Personal,0,1
71,193423,46,59235,5.944798945904511,Own,Business,0,0
52,113330,33,74740,14.991530932990212,Own,Personal,1,0
33,164941,35,38890,18.176841953935444,Own,Business,1,1
78,172026,36,91073,6.65700697525174,Mortgage,Medical,0,1
58,182627,16,62401,17.369967055788013,Mortgage,Business,0,0
53,83353,39,12217,6.196955615282275,Own,Education,0,0
50,196098,39,49351,16.109520812518916,Mortgage,Education,0,0
21,120772,11,34741,11.475072637603374,Own,Medical,0,0
50,198048,20,21654,17.037388714673185,Mortgage,Home,0,0
31,111502,39,62314,24.886213307022686,Rent,Education,1,0
38,133943,18,2408,23.569790200348926,Mortgage,Medical,0,0
65,129850,2,43903,2.098480430230383,Mortgage,Personal,1,0
37,65095,17,85208,22.365091580333033,Mortgage,Home,0,0
73,165342,18,2218,3.52928828901963,Own,Education,0,0
25,181980,46,51572,23.920071481676434,Own,Medical,0,0
24,35523,5,59798,8.481990619292748,Rent,Medical,0,0
20,82433,15,31105,10.786801099459232,Rent,Personal,0,0
34,198140,7,70634,4.107678719041741,Other,Personal,1,1
50,39991,47,66063,4.5822734415649204,Rent,Home,0,0
65,30775,17,8619,18.715033000274353,Own,Education,0,0
29,104995,47,12939,23.719641422210707,Rent,Medical,0,0
76,167745,42,19226,16.04721538394912,Rent,Home,0,1
68,142808,38,26322,18.464550357116654,Mortgage,Home,0,0
39,178128,48,59215,19.52530412573453,Rent,Personal,1,0
72,157686,48,17878,8.04472831471766,Other,Medical,0,1
39,27415,11,7560,3.0402815111649435,Mortgage,Business,0,0
63,194956,44,39278,2.0430731101408774,Own,Personal,1,1
47,168036,9,37212,10.06493350794243,Other,Medical,1,0
55,188798,6,95835,7.55367724858197,Own,Home,0,0
55,57044,45,74079,3.4333076761312697,Other,Home,0,0
62,188616,0,24946,6.129150727354335,Mortgage,Education,0,1
68,69976,48,32740,4.863474660162799,Other,Business,0,0
71,183324,35,8253,23.04220275419952,Other,Personal,0,0
25,23832,20,80311,5.226145909560885,Rent,Education,0,0
44,54148,36,33813,14.365914671716622,Own,Education,0,0
44,132230,23,65331,15.641436967579786,Mortgage,Business,0,0
51,105076,24,28632,14.500257527298576,Other,Personal,0,0
38,58402,6,49365,4.278297986967724,Own,Personal,1,0
47,58578,41,68593,9.332362320262678,Own,Home,1,0
50,110453,16,34431,3.1792176466525253,Rent,Personal,0,0
45,173390,28,38436,11.100408024215268,Own,Education,0,0
64,95715,29,19413,6.337775419246616,Mortgage,Home,0,0
50,131435,6,96761,14.917548265540734,Rent,Personal,0,0
22,171538,32,39485,17.934593058529313,Other,Business,1,0
77,115742,6,69232,14.238756784708249,Mortgage,Education,0,0
78,65475,23,17101,11.987444022062101,Mortgage,Medical,0,0
65,80142,10,9831,10.908668679703926,Mortgage,Business,0,0
36,177636,8,85583,21.358910666231086,Rent,Business,0,0
21,173484,11,52897,7.045465496501212,Own,Personal,0,0
52,113526,34,6004,18.887021809163983,Mortgage,Home,0,0
66,71001,3,89241,19.422093469022737,Own,Home,0,0
34,77649,35,46924,11.641600167226892,Own,Education,0,0
61,186589,27,22509,8.837913782189705,Mortgage,Personal,0,1
45,164228,12,38170,12.82245417905743,Own,Home,0,0
47,174136,22,44555,4.143920295532066,Rent,Medical,0,1
46,45711,18,15662,3.0563907412690696,Rent,Personal,1,0
63,50106,41,66930,4.566873587393511,Other,Personal,0,0
70,85458,36,48403,6.304335723631202,Own,Home,1,0
23,167661,38,37365,13.59606686777499,Own,Business,0,0
52,150429,23,63188,21.530142631705807,Other,Personal,0,1
77,121754,15,77060,7.419773635992801,Rent,Business,0,0
58,158286,32,99633,23.508726247175897,Other,Education,0,0
54,146479,11,27673,23.96288190550508,Other,Education,1,1
41,178199,33,64471,24.054805911439722,Other,Home,0,0
46,156213,6,18156,21.26394289755545,Own,Education,0,0
66,48884,10,58287,10.367975938347573,Own,Home,1,0
63,22708,30,2645,3.6717299530603302,Own,Home,0,0
70,38375,28,60076,15.082830830629382,Own,Business,0,0
48,35088,12,95585,14.849673210556375,Mortgage,Business,0,0
52,77615,30,76351,21.5494426435207,Other,Education,0,0
77,130138,1,51151,24.90779417176042,Other,Business,0,0
50,196118,38,68384,13.687618050883394,Own,Personal,0,1
69,30014,14,34541,9.939692713915038,Rent,Medical,1,0
78,154345,10,73847,6.275739365794141,Mortgage,Personal,1,1
38,198207,33,88099,2.110395970799527,Mortgage,Personal,0,1
49,122842,38,81739,13.709614927244221,Rent,Home,0,0
40,181953,3,51955,14.776929334159702,Own,Medical,0,0
50,98077,10,10290,20.97358503580014,Mortgage,Home,0,0
20,159784,28,59942,13.605270261534415,Mortgage,Business,0,1
35,72874,1,83667,23.0787720193193,Other,Business,1,0
42,89087,15,31143,16.445919961143016,Other,Medical,0,0
59,32297,38,25509,21.327733479084912,Own,Education,0,0
48,47128,12,88780,5.4109399005781835,Own,Business,0,0
71,88368,36,37741,21.672730996953238,Other,Personal,0,0
75,98958,16,27898,17.528308652208512,Other,Medical,0,0
20,52920,20,86674,5.915359746081602,Other,Medical,0,0
57,162228,43,63948,6.36456183735825,Rent,Business,0,0
63,162180,18,62768,23.30951423801709,Mortgage,Business,0,1
41,182917,6,44262,2.740953290358576,Own,Home,0,0
67,153872,37,6506,12.638303695801241,Own,Home,0,0
49,193784,7,21605,9.209931668484336,Rent,Personal,1,1
64,153682,12,79590,17.296781119963846,Other,Medical,0,0
39,97603,36,29231,21.311475914086817,Mortgage,Education,0,0
40,53872,1,80397,10.2886967958011,Other,Education,0,0
19,30728,40,78123,11.818748008425255,Own,Medical,0,0
44,115102,10,14515,24.58410904353253,Rent,Personal,1,0
59,142049,23,88211,20.030079722621664,Mortgage,Home,0,0
19,40583,5,39622,22.635695011431203,Mortgage,Home,1,0
43,105774,25,17600,12.091531074987484,Mortgage,Home,0,0
34,158335,6,28892,7.38375269163465,Mortgage,Education,0,0
57,146374,38,84279,11.472859703888389,Rent,Education,0,0
50,170528,18,70310,18.47011411012481,Own,Personal,0,0
26,111118,5,22801,4.516899311227524,Mortgage,Education,0,0
60,85942,42,38695,8.220789429179703,Mortgage,Business,1,0
71,33689,28,29853,3.072625710616579,Own,Education,0,0
65,184006,42,5429,11.943997981777025,Other,Home,0,0
56,53276,38,5606,21.031251927531105,Mortgage,Personal,0,0
46,121968,1,5478,2.5672648308542483,Mortgage,Medical,0,0
59,170945,18,84816,17.53244111656482,Other,Medical,0,1
72,33050,3,41134,23.44740511381601,Own,Personal,0,0
43,86216,5,70963,7.449340814757193,Own,Business,0,0
52,104040,48,71897,17.953601336735908,Mortgage,Medical,0,0
67,41644,36,26475,24.427343725304606,Own,Home,1,0
42,82021,27,67177,24.132395383506655,Other,Medical,0,0
41,188197,29,22730,7.403371439670296,Rent,Medical,0,1
30,62291,6,22113,4.3076142238775805,Other,Home,1,0
77,186132,8,21011,5.410498371606067,Other,Education,1,1
75,152610,24,56746,18.14682037508927,Rent,Business,0,0
24,187248,32,43853,18.692454135425336,Other,Home,0,0
74,61520,0,86195,17.507440917448577,Mortgage,Home,0,0
53,45675,5,37818,9.729802918071476,Mortgage,Personal,0,0
62,169359,17,38321,5.904869614436809,Own,Business,1,0
37,20174,9,22309,15.357505114901821,Own,Education,1,0
18,112268,27,19688,13.12465025243093,Other,Home,1,0
25,54998,10,29176,18.763185383812978,Mortgage,Education,0,0
63,163184,32,69879,12.151281809769293,Mortgage,Home,0,0
33,125410,0,68592,9.788712977788773,Rent,Home,0,0
31,95225,12,85728,8.750007279257332,Own,Personal,0,0
29,64814,36,90012,6.86381736114417,Mortgage,Medical,0,0
68,105091,19,10416,8.112166652293212,Other,Business,0,0
40,70719,0,40994,4.181100093414331,Mortgage,Personal,0,0
32,149887,2,67422,9.97771125136446,Own,Education,0,0
45,53919,17,9584,2.8411056843480385,Other,Home,1,0
51,93155,40,94302,6.287518484825517,Own,Home,0,0
19,91569,13,19830,19.17572022624687,Mortgage,Business,1,0
49,61328,30,86825,9.485786739562322,Mortgage,Personal,1,0
40,44618,26,78066,17.369451390478908,Mortgage,Personal,1,0
39,54675,16,4591,18.48833603873738,Own,Education,1,0
68,38919,45,94878,15.367262882838611,Other,Personal,0,0
42,24173,28,22395,24.050048051404165,Mortgage,Personal,0,0
75,129369,35,55182,2.493116932331605,Mortgage,Medical,0,0
79,46400,36,17738,18.989010963527267,Mortgage,Business,0,0
78,90305,25,3631,24.052092810629386,Rent,Personal,0,0
39,188636,16,18905,21.832249775117603,Rent,Education,1,1
75,196886,21,20056,5.861531911515306,Other,Home,0,0
75,108791,24,90082,9.516867043789837,Own,Personal,0,0
39,179034,1,36447,5.966392317158704,Mortgage,Personal,0,0
66,90533,21,55418,15.830092367738194,Mortgage,Home,0,0
69,123591,4,38190,18.380323585528323,Own,Medical,0,0
59,161650,3,27014,9.292696695350338,Own,Business,0,0
23,151060,35,73999,14.408651201638795,Other,Medical,0,1
32,169696,5,51278,17.891173111637485,Own,Education,1,1
71,59194,20,2780,11.690815782054113,Mortgage,Personal,0,0
60,129903,12,92643,21.642357200475566,Other,Medical,0,0
77,151461,36,60258,19.745648511619795,Rent,Business,0,1
54,119303,24,98123,3.4873075085631253,Other,Education,0,0
50,133903,25,43192,16.285881879089068,Other,Medical,0,0
25,87391,38,60300,7.412487672074241,Other,Personal,0,0
70,164866,19,91504,14.822920087347331,Own,Business,1,0
77,78002,32,44923,24.008434180558222,Mortgage,Personal,0,0
61,55531,13,90196,22.218426104701752,Own,Personal,0,0
61,24986,35,3395,11.303877271648028,Mortgage,Education,1,1
22,52298,16,98384,8.704818741920128,Own,Business,1,0
56,21481,20,16779,7.391332121389957,Other,Home,0,0
21,76408,45,72028,14.247842004399962,Mortgage,Personal,0,0
23,141950,15,30722,4.627714424935295,Own,Business,0,0
62,167907,45,8111,14.633325186949717,Other,Personal,0,0
49,145355,15,10984,2.0306737082882163,Rent,Medical,0,1
69,47798,19,98552,9.448541507154431,Own,Medical,1,0
47,111649,28,94176,7.058489218103369,Own,Business,0,0
64,84887,27,73328,24.338032169097986,Rent,Education,0,0
52,39477,7,27924,18.726573350109515,Own,Home,0,0
72,168338,23,53703,10.042027750631467,Rent,Medical,1,1
57,147815,2,33577,4.135436990204272,Mortgage,Education,0,0
69,194598,24,8711,13.886413677884352,Rent,Home,0,0
33,147426,18,86548,6.909301270498974,Other,Medical,0,0
30,162961,32,5096,14.337879555662228,Rent,Home,0,0
67,44335,1,67555,21.213334146114526,Mortgage,Personal,1,0
77,162326,14,90848,16.163228698331864,Rent,Business,0,0
59,106610,21,76012,16.57713364953505,Rent,Medical,0,0
47,31442,9,9254,14.443696648444664,Mortgage,Medical,0,0
36,66289,17,98955,23.32710955052241,Own,Personal,1,0
34,73747,21,78120,23.433761741673877,Own,Medical,0,0
73,57327,45,6965,13.7926336246917,Other,Medical,1,0
36,167271,48,78000,9.032468204300603,Other,Medical,0,0
45,92827,26,78975,12.57050113522721,Rent,Medical,0,0
75,126464,12,58987,6.290831980499161,Own,Medical,0,0
72,151184,32,33963,16.635919252316054,Own,Education,0,0
43,107051,4,94976,13.502123722991364,Rent,Medical,0,0
54,170653,25,4273,4.375910989705437,Mortgage,Personal,0,0
43,79722,12,16330,6.545898965751153,Own,Medical,0,0
70,112036,26,22494,13.031534992589117,Other,Home,0,0
79,167595,13,77422,22.41454678653374,Rent,Home,0,1
40,86960,23,4212,15.02698657451524,Mortgage,Personal,1,0
26,39552,2,84441,17.67530500479483,Other,Education,0,0
29,161880,46,88594,9.797656644109924,Own,Personal,0,0
70,174692,48,2080,15.142462040017389,Mortgage,Education,0,0
18,20887,29,33675,12.28973592067555,Other,Business,0,0
75,51802,34,23007,17.159987990332695,Rent,Home,0,0
75,105024,47,83641,3.1632380198172383,Mortgage,Home,1,0
18,138639,13,96815,13.34590497349606,Mortgage,Home,0,0
64,138248,11,47815,8.807830378311241,Rent,Education,0,0
51,101938,27,84482,9.502256409391912,Own,Personal,0,0
49,142746,43,1639,24.101100925835414,Own,Education,1,1
79,46049,28,64593,6.201980692361804,Mortgage,Home,0,0
71,97789,42,79038,9.15864080930773,Mortgage,Home,0,0
65,104526,16,94899,13.72752924181005,Mortgage,Home,0,0
42,158918,39,4736,21.849619807441343,Other,Home,0,0
57,66220,48,17473,11.58341191374652,Mortgage,Business,0,0
62,66163,20,35019,19.108901460427933,Own,Home,0,0
70,154837,22,87623,21.696604258940454,Rent,Education,0,1
18,137126,19,95025,9.130376183902525,Rent,Home,0,0
33,101486,10,37820,11.03325422139033,Rent,Medical,0,0
78,196342,33,85861,10.200793144832193,Mortgage,Business,0,1
56,95277,9,58589,21.155683598212185,Mortgage,Home,0,0
22,124245,9,66807,3.019977824932827,Rent,Medical,0,0
39,142332,42,19414,9.09368504305964,Other,Education,0,0
46,42931,5,25220,17.626396824687987,Other,Business,0,0
72,109116,35,61531,15.005200490002881,Other,Home,0,0
20,75633,23,43425,12.034655263754969,Other,Education,0,0
29,71913,11,10387,14.41880922609184,Own,Medical,0,0
43,114776,42,77815,6.5444454740513205,Rent,Business,1,0
33,45991,22,28584,11.906482296984239,Own,Home,0,0
68,124092,26,45783,13.53916863605603,Mortgage,Education,0,0
54,161633,44,40809,22.72734980495584,Other,Business,0,0
39,167973,36,55327,7.9992087444914555,Other,Medical,0,0
74,115556,5,11857,21.96005554979345,Rent,Home,0,0
46,82875,0,43261,16.817552218997584,Other,Business,0,0
31,176989,5,74588,2.4678391145548226,Rent,Medical,0,0
45,82120,49,17995,18.666520748686054,Mortgage,Medical,0,0
22,153060,21,14580,2.817693183628267,Other,Education,1,0
64,130041,40,19240,24.9397659167177,Other,Medical,1,0
66,148467,23,84446,22.07064381689755,Own,Medical,0,0
47,165328,24,76752,8.83890619342105,Rent,Personal,1,1
63,138490,14,47111,7.920458294524225,Rent,Medical,0,0
79,146155,25,91447,10.773144888429005,Other,Home,1,1
69,48230,7,35866,10.19184020223219,Own,Business,1,1
22,79778,23,81974,10.563769822863764,Other,Home,1,0
29,65833,47,74401,9.32036056074805,Rent,Home,0,0
33,42625,37,83093,16.286068357511624,Rent,Education,1,0
43,52088,5,13211,5.778064265574351,Other,Personal,0,0
43,192239,34,59985,21.457569726258303,Mortgage,Personal,0,1
65,123937,41,34268,20.685257132720253,Other,Home,0,0
38,96361,0,4646,12.95911378067122,Own,Business,1,0
56,108229,45,56371,21.612789201406596,Rent,Personal,0,0
53,155189,35,43816,7.684336610696746,Rent,Personal,0,1
50,110265,11,90460,2.40400548119124,Other,Home,0,0
79,117718,37,45112,16.241782275685928,Mortgage,Personal,0,0
47,80710,10,52048,12.531916360188454,Rent,Education,1,0
54,114876,11,55911,15.044784564805026,Other,Home,1,0
40,50949,41,76446,22.68480640742327,Mortgage,Personal,0,0
75,173619,49,2778,24.3082881920167,Other,Personal,0,0
27,88136,38,46752,16.59242221437887,Other,Personal,0,0
71,131541,6,85977,19.57327856660608,Other,Home,0,0
22,81842,10,71726,3.927593970204778,Rent,Business,0,0
53,46990,35,81840,5.696458452504629,Mortgage,Medical,0,0
51,167265,30,28289,18.863710513918463,Own,Personal,0,0
69,50109,32,45788,11.921405496924045,Own,Medical,0,0
48,150356,12,5747,12.257201219301331,Rent,Medical,0,1
27,170305,17,75822,9.097976677615042,Rent,Personal,0,1
75,148133,40,1045,15.969196819988108,Other,Personal,0,0
36,185582,23,96278,6.25879604457266,Other,Medical,0,1
75,21306,8,8758,16.4190744242196,Mortgage,Business,1,0
49,23849,30,24437,5.997373714110513,Other,Medical,0,0
18,32360,40,20585,3.467998798323413,Mortgage,Business,0,0
73,131072,9,99759,9.598226840078404,Other,Education,0,0
22,114767,1,10854,7.316227866226496,Other,Business,1,0
62,196872,37,53076,22.446807686795644,Own,Home,1,1
21,188035,14,57950,3.263929438978412,Rent,Personal,0,1
33,74330,2,18349,6.062114929204825,Mortgage,Education,0,0
41,71707,42,97228,14.620550928410138,Own,Medical,0,0
33,38689,30,22348,13.064545389491894,Other,Business,1,0
72,49084,5,35296,3.0545964226181352,Own,Education,0,0
19,60387,2,20455,2.166805844348323,Mortgage,Home,1,0
66,94816,10,79824,24.725562665106448,Rent,Business,0,0
45,22642,14,55021,17.153198108253278,Own,Medical,0,0
49,62137,44,72923,10.404341010735807,Mortgage,Medical,1,0
44,82260,27,40293,12.819941696254551,Other,Business,0,0
37,166510,9,89552,8.130652770448599,Own,Home,0,1
41,68442,37,47116,9.932097024943825,Rent,Personal,0,0
29,123061,46,41484,16.92802274716892,Mortgage,Personal,1,0
67,154066,49,31215,22.304671373949525,Rent,Medical,0,1
52,145844,49,82638,6.234990530867252,Other,Home,0,1
77,119575,6,4404,21.32831462386233,Rent,Medical,0,0
50,21813,14,38260,4.795802478920189,Other,Personal,1,0
50,113027,17,66642,6.944821142532998,Other,Medical,1,0
78,143489,17,81731,2.8550316251418577,Own,Business,0,0
68,104381,40,47009,5.238672828138988,Other,Business,0,0
60,75276,23,93689,23.097972345673163,Rent,Home,0,0
54,61243,1,30605,12.567091172222707,Own,Personal,0,0
29,80272,39,54205,3.7863148209021316,Other,Home,1,0
20,193123,19,38569,24.07371727489611,Mortgage,Home,0,1
18,85618,33,6580,22.216823078448954,Mortgage,Personal,0,0
50,21920,42,6400,19.35769797996725,Other,Education,0,0
57,126121,25,40643,23.46987421479383,Own,Education,0,0
27,96872,6,97185,7.062976679222575,Own,Medical,0,0
60,101132,37,97032,21.236493739231985,Own,Education,0,0
61,22093,29,87173,17.869797516149042,Rent,Business,0,0
46,32905,41,40015,22.004462740056834,Mortgage,Home,0,0
30,141759,4,72713,20.328966012080485,Other,Medical,0,0
29,175423,10,73805,9.969386453066974,Other,Home,0,1
48,50981,0,15974,19.811166351396878,Mortgage,Personal,1,0
63,93903,33,15037,8.036494968652477,Rent,Education,0,0
19,90821,0,85292,9.557619749645262,Own,Personal,1,0
78,129200,18,17167,4.481831496128452,Mortgage,Medical,0,0
68,102289,1,89754,23.506762167550782,Other,Business,1,0
67,136506,20,91703,8.693077358206477,Rent,Education,0,0
52,98513,19,44148,13.974316698943392,Other,Personal,0,0
40,170946,22,73153,11.00065523872243,Own,Education,0,0
34,158746,20,22534,24.078346773420535,Mortgage,Home,0,0
43,70516,23,91995,9.706130931585095,Own,Business,1,0
25,89212,3,87078,19.90655389272185,Rent,Education,0,0
46,153498,11,57879,21.67457155651714,Mortgage,Business,0,0
43,150970,21,66839,12.018949442062215,Own,Home,0,1
27,110009,19,30756,10.697951732417419,Own,Home,0,0
43,181015,17,13683,19.198153881450445,Own,Personal,0,0
79,64816,0,50485,22.996607547043386,Rent,Medical,0,0
51,24138,29,99231,19.36342986066148,Own,Personal,0,0
68,111176,32,12025,7.223906408612909,Other,Business,1,0
58,95945,23,87426,22.431078191067222,Mortgage,Personal,0,0
24,24017,13,19715,10.91437835104716,Mortgage,Education,0,0
21,30451,35,71097,15.253276470892489,Own,Personal,0,0
75,113863,4,99383,21.123019243732355,Rent,Medical,1,0
70,30278,10,93943,6.333079650211321,Other,Medical,0,0
67,63764,23,88116,20.04373312058372,Other,Business,0,0
62,143030,30,76705,15.711744351945583,Mortgage,Home,0,0
28,152206,12,18116,22.54685776203499,Mortgage,Medical,0,0
46,82943,15,37744,5.9553192424014885,Other,Business,0,0
73,115667,23,88579,11.675691451941354,Mortgage,Medical,0,0
53,74318,12,3124,21.15539113593726,Own,Medical,0,0
42,123423,23,39051,2.4423291795054842,Other,Home,0,0
38,123998,25,8176,4.580631435609785,Mortgage,Education,0,0
78,80128,1,92310,24.7829998934049,Own,Business,0,0
74,41869,15,65818,8.449066107578062,Own,Medical,0,0
53,25039,37,19676,24.437493455650927,Other,Medical,1,0
27,172353,45,46177,6.1982256731995,Own,Personal,0,0
54,132935,0,91296,10.305172189168719,Other,Education,0,0
26,30442,48,1997,19.315997223582123,Own,Home,0,0
41,93788,10,60330,17.128903366478106,Other,Business,1,0
52,139729,34,44769,15.365815198368278,Other,Medical,1,1
66,47586,42,79653,14.187681043515173,Other,Business,1,0
52,73053,28,12231,21.399130204289026,Other,Home,0,0
65,106346,36,96287,7.403816945168033,Own,Education,0,0
53,87087,16,73976,12.176831320850924,Other,Personal,0,0
35,163697,38,86447,5.575402719598518,Mortgage,Education,0,1
66,54397,41,56965,15.706656701806201,Own,Personal,0,0
56,78671,27,82144,7.762521758240364,Other,Business,0,0
49,136214,28,96201,9.678367479897874,Own,Education,0,0
41,86897,42,62517,12.838766482341146,Own,Education,0,0
40,177221,2,93693,2.6157234711719406,Own,Education,0,0
79,156355,9,95315,4.114572526179266,Own,Home,0,0
49,158682,41,96504,17.77637207628905,Other,Business,1,1
54,194398,13,28387,11.866309556502667,Own,Personal,0,0
29,34924,11,5090,21.890175105997596,Mortgage,Education,0,0
66,133143,46,25945,17.977456083816588,Own,Business,1,0
72,130253,41,41239,2.186321657888416,Own,Home,0,0
30,120297,29,4743,16.1843836076441,Mortgage,Home,0,0
40,20869,31,31924,4.155671919373478,Other,Business,1,0
42,117088,31,11196,19.96146313518137,Mortgage,Personal,0,0
52,21014,41,92815,24.804676830405548,Rent,Business,0,0
58,30103,31,69860,14.217572267554765,Mortgage,Business,0,0
47,130317,25,42400,17.703928504464997,Other,Medical,0,0
34,184530,0,86177,7.458225700579286,Mortgage,Home,0,0
66,102409,41,94018,12.064748106337252,Own,Personal,0,0
79,43248,1,99530,21.690192641436823,Other,Medical,0,0
37,194588,16,81399,5.850727798163778,Rent,Business,1,0
65,180133,29,49795,8.107318929116529,Other,Home,0,0
42,175242,38,52553,12.244974531578695,Own,Medical,0,0
39,28024,6,25111,18.381724512412323,Rent,Medical,0,1
30,105947,26,64083,10.645330960300498,Other,Personal,1,0
76,194875,8,62600,23.33784243500909,Other,Business,0,0
36,170368,21,51022,4.172512179180541,Own,Personal,1,0
66,111829,33,4199,10.528496543531492,Mortgage,Medical,0,0
53,112708,45,51897,18.305944838853705,Mortgage,Medical,0,0
29,106664,48,39038,7.197695610214327,Rent,Personal,0,0
78,169329,0,56038,17.09750208728248,Own,Medical,0,0
58,163927,8,8897,5.776990039228957,Own,Education,0,0
36,105178,19,65541,3.287546551818787,Mortgage,Home,1,0
29,121121,18,15892,4.783361485218924,Mortgage,Business,0,0
26,40025,35,9271,23.3896500120851,Rent,Home,1,0
24,155530,39,25815,14.69027030760968,Mortgage,Business,0,1
45,83610,44,46612,20.315952836031926,Rent,Medical,1,0
31,90843,3,34357,9.651053520816177,Other,Personal,0,0
48,127237,8,76088,15.631148901365274,Rent,Personal,1,1
69,194499,40,17267,13.383899075214806,Rent,Medical,0,1
36,150299,21,19268,23.751973066252763,Rent,Business,1,1
75,189578,17,15263,19.194216629244536,Other,Medical,0,0
64,25668,11,71935,18.80248052442132,Mortgage,Business,0,0
33,198267,41,96347,3.066125196988429,Rent,Medical,0,0
70,93233,42,60660,14.642402387084894,Mortgage,Medical,0,0
22,175489,38,66527,12.740803439741741,Rent,Medical,0,1
52,101982,8,64379,23.340372131942473,Mortgage,Personal,1,0
29,126133,5,95542,7.918865728359242,Rent,Business,0,0
42,30751,18,42271,8.206169425695169,Mortgage,Medical,0,0
69,66218,47,67612,11.460963724274508,Own,Home,0,0
76,146649,46,8235,7.597503408346649,Other,Home,0,0
38,27352,6,89757,4.971230109601239,Rent,Personal,0,1
53,108835,15,17417,21.720541472968417,Other,Education,1,0
70,117493,4,99075,14.840360061290065,Rent,Personal,0,0
40,48927,15,35609,21.811342536001035,Own,Education,0,0
33,192166,0,34902,21.116099604285004,Own,Personal,0,0
74,121948,36,24645,8.486974160162436,Other,Home,0,0
56,49493,38,63873,14.597961219458302,Rent,Medical,0,0
62,51707,18,88218,3.9140071630216204,Mortgage,Business,0,0
70,158368,36,65558,23.050793332707443,Rent,Medical,0,1
59,176470,16,63233,11.29804244649852,Mortgage,Home,0,0
75,55842,25,24401,11.054552229447491,Other,Business,1,0
56,33261,21,8771,8.963373524212923,Other,Education,0,0
31,96709,7,42335,12.595266128346188,Own,Education,1,0
48,115985,32,75451,7.790465890545305,Mortgage,Home,0,0
75,126616,1,80434,10.621602274326504,Rent,Business,0,0
22,87173,29,68449,20.39878211745228,Own,Medical,0,0
52,51781,46,93604,21.18787658245895,Other,Home,0,0
40,33652,19,2942,8.996196985455871,Own,Education,0,0
46,25103,17,21388,12.787331902714122,Rent,Home,0,0
60,45500,42,84251,22.097854854441202,Rent,Medical,0,0
28,120336,9,58042,3.211486632083034,Other,Personal,0,0
35,186601,23,54740,22.450334125903066,Own,Personal,0,0
64,133499,3,66873,7.041239950003629,Mortgage,Medical,0,0
29,169524,36,48024,17.606402616930644,Mortgage,Business,1,1
26,69393,3,24450,15.398689016845806,Mortgage,Home,0,0
27,182246,12,57965,14.717637208352798,Rent,Medical,0,1
75,186508,24,11057,21.765285169314893,Own,Personal,1,1
61,67406,12,94249,4.336159303827209,Mortgage,Education,1,0
34,83059,17,9983,9.98164458248963,Own,Medical,0,0
78,167026,23,20995,14.379813165929608,Other,Medical,0,0
55,102722,1,92628,20.659643640758915,Mortgage,Medical,1,0
24,32356,47,78681,6.978190918468445,Own,Personal,0,0
63,148128,32,39886,20.467386351608354,Rent,Personal,0,1
30,22187,18,90025,11.191685097360523,Other,Medical,0,0
57,97243,8,97572,6.345018697974995,Other,Medical,0,0
59,55098,27,96149,19.4566881302001,Other,Business,1,1
26,172297,34,95020,4.0906747339146,Other,Education,0,0
67,154678,38,3673,13.839649603735188,Rent,Home,1,1
44,77620,9,35890,3.4691430288234333,Rent,Home,0,0
75,183900,0,78513,10.197610668629114,Mortgage,Home,0,0
19,146270,41,24466,15.82476637714703,Rent,Personal,0,0
22,177561,20,93545,14.7906574542059,Rent,Personal,1,1
46,34387,8,51406,11.30707461180733,Other,Business,0,0
54,89463,46,4688,11.86810386135866,Rent,Personal,0,0
55,153663,14,70284,7.21569972706763,Other,Medical,0,0
36,199588,34,14665,12.485299533754366,Own,Education,0,0
25,111683,4,21641,23.924861681579188,Own,Education,0,0
65,82061,40,33500,21.560417109027178,Own,Education,0,0
62,101257,21,36797,5.340355988755908,Own,Education,1,0
18,81753,40,85766,2.6849581083811813,Own,Home,0,0
39,104774,22,46950,23.471059192482503,Own,Home,0,0
69,162159,6,26046,14.115244247257195,Own,Medical,0,0
34,181888,22,10638,14.370269932434077,Other,Business,0,0
24,43408,43,87363,19.956513901250013,Other,Personal,0,0
42,144116,24,22173,9.23784639904051,Other,Personal,1,1
62,151208,26,14222,13.08387408322805,Other,Home,0,1
21,37413,40,51064,24.279247002374966,Rent,Education,1,0
53,133650,5,38010,17.459419799445364,Rent,Medical,1,1
23,79500,33,19095,5.536135735903077,Mortgage,Business,0,0
77,104514,8,2439,5.064215203640126,Rent,Home,0,0
48,76358,48,86550,6.698089441659124,Other,Medical,0,0
36,86197,32,6375,19.634368511676502,Other,Medical,0,0
78,183926,5,90023,8.793671088334168,Own,Home,0,0
61,96240,36,92238,2.491943473526835,Own,Medical,0,0
71,36322,30,21600,23.71601036063022,Mortgage,Education,0,0
56,133053,33,3466,5.903408577082946,Rent,Medical,1,0
44,26968,40,46097,2.2198382814055773,Other,Business,0,0
27,47518,28,54276,7.454026854816428,Rent,Medical,0,0
43,71925,13,51117,7.4056621037170745,Mortgage,Personal,0,0
36,131900,35,47971,11.70612076945163,Own,Medical,0,0
56,113422,35,7928,23.168966124500848,Other,Home,0,0
79,21700,14,89016,22.221253108919253,Own,Personal,1,0
20,113782,7,56309,12.508574764595842,Other,Home,1,0
62,43199,25,75647,11.45069781481155,Own,Business,0,0
30,195661,35,41888,14.765208988921579,Own,Education,0,0
67,183187,47,96025,7.599442275350612,Mortgage,Business,0,1
45,25520,20,44832,3.2002548152263453,Rent,Personal,0,0
79,129814,27,10404,23.602155131937753,Own,Education,1,0
75,187527,3,34639,6.294076652174973,Other,Medical,1,1
37,143364,15,79118,6.563216772651477,Rent,Personal,0,1
45,192677,21,61598,12.866587563640795,Rent,Education,0,0
25,34955,11,67399,13.307106931327606,Own,Home,0,0
78,195121,15,28684,2.4239868231170645,Own,Education,0,0
58,164989,39,69591,5.402958991801325,Own,Home,0,0
56,84925,37,78722,10.69756082689706,Rent,Home,0,0
18,127216,41,3682,17.725805950742398,Mortgage,Education,0,0
20,90269,36,39046,7.253624507134525,Own,Business,0,0
30,182026,28,22832,11.729332263560542,Rent,Business,0,0
45,61458,17,17997,14.818936488478737,Rent,Home,0,0
79,109037,9,35640,22.437627376335715,Other,Personal,0,0
74,172185,41,77882,9.499621553523836,Own,Education,0,0
77,119977,38,41491,5.071840114860121,Mortgage,Personal,0,0
66,63939,17,64043,13.253261195644988,Other,Business,1,0
42,49345,0,73725,19.17459683873343,Own,Personal,0,0
73,197385,38,46520,4.526774412212869,Other,Medical,1,0
50,130107,20,63919,11.76772030903009,Own,Medical,0,0
55,141866,0,65442,2.409058249037119,Other,Business,0,0
70,89166,14,22770,2.771861177886776,Mortgage,Personal,0,0
23,198933,3,48498,13.107927353983309,Other,Education,0,0
75,117406,19,62477,8.858537857471376,Other,Business,0,0
61,69298,9,1244,21.43746787712448,Other,Medical,0,0
62,198293,22,33788,15.849549040908448,Own,Business,0,0
49,64942,40,96341,12.440458120088778,Own,Personal,0,0
62,23453,33,80453,11.382513534248815,Mortgage,Personal,0,0
78,122811,45,58737,13.436646044359955,Other,Personal,0,0
64,74935,47,47489,2.930093117891211,Rent,Home,1,0
38,142439,32,72303,22.534247197675178,Other,Personal,1,1
33,194442,33,29390,24.96097258188104,Rent,Medical,0,0
71,28328,38,11247,6.17420387175007,Rent,Medical,0,0
38,35534,9,70051,4.768808189816254,Other,Home,0,0
28,105280,19,60719,5.302281659317691,Rent,Medical,1,0
77,56320,0,35678,17.203622339390442,Rent,Medical,0,0
54,69170,12,88802,17.21313928436782,Other,Business,1,0
53,120546,0,77286,21.50225573240345,Own,Personal,0,0
52,100201,4,30583,19.292006933803826,Other,Business,1,0
36,28640,15,9076,12.342862487494815,Mortgage,Business,0,0
37,181121,14,19006,16.095673316002333,Rent,Medical,0,1
74,156690,48,16051,17.83054741846418,Mortgage,Education,0,0
35,152992,27,5314,13.792938816560179,Rent,Personal,1,1
64,63937,30,29670,12.939972642387643,Own,Education,1,0
58,163279,22,68551,16.837241249781023,Rent,Medical,0,0
66,184044,47,11236,14.821914626440035,Other,Home,1,1
31,161871,44,36568,16.810673022725936,Rent,Business,0,0
32,179988,42,61314,16.095659801157367,Mortgage,Medical,1,1
48,90463,16,92903,18.541520891814056,Other,Medical,1,0
18,113500,48,17352,16.78448070200615,Mortgage,Education,0,0
70,57158,33,46650,13.954077188057148,Own,Home,0,0
71,104607,12,11346,17.68132665954089,Mortgage,Business,0,0
71,139639,13,26156,12.338085199264846,Mortgage,Home,0,0
20,91696,10,56904,7.558438197369824,Mortgage,Home,1,0
33,81510,27,15035,2.0326190630800554,Other,Home,0,0
40,140076,41,17108,14.879175384354394,Own,Personal,0,0
74,78692,31,3853,15.585070211998744,Own,Home,0,0
28,150841,34,85156,24.35712618984143,Own,Medical,0,0
29,35810,30,5176,10.314001684168337,Mortgage,Personal,0,0
27,156198,16,26920,11.06506458505117,Other,Personal,1,1
49,181081,46,55850,6.641390370870376,Other,Home,0,0
33,131718,8,7829,3.622288790458404,Other,Medical,1,0
25,110932,9,91666,19.774503335820032,Mortgage,Business,0,0
55,20192,7,74927,7.742664479804476,Own,Home,1,0
29,56413,20,85860,16.00481180369087,Mortgage,Personal,0,0
41,163888,12,41667,17.818779817546073,Other,Business,0,1
45,59082,49,66842,12.838443807707897,Mortgage,Business,0,0
70,85048,4,36843,22.15609859962541,Rent,Personal,1,0
25,143130,5,51808,12.207281342533761,Own,Business,0,0
75,70940,29,31543,8.552898329960598,Own,Medical,0,0
45,183202,30,73780,22.608357028117315,Other,Medical,1,1
53,60142,16,7611,21.815978537748997,Mortgage,Home,0,0
43,56468,10,89242,5.772918782757499,Other,Home,0,0
25,181770,19,85612,2.597103422140182,Mortgage,Business,0,1
75,161727,47,47902,4.069667796041276,Rent,Personal,0,0
77,198969,8,34043,8.590590166737792,Own,Medical,0,1
67,181147,1,6271,24.361975440059346,Own,Education,0,0
45,160431,36,73867,14.845871522698976,Mortgage,Home,1,1
45,149048,0,78089,10.585019836673183,Own,Medical,0,1
54,62056,3,59745,22.440470176093168,Mortgage,Business,0,0
58,71831,35,97876,12.422135624005492,Other,Medical,0,0
53,79191,24,63077,9.250488453223486,Rent,Medical,0,0
44,141948,2,60119,23.64804916115012,Mortgage,Business,0,0
71,184344,8,12573,21.538906322431593,Rent,Home,1,1
34,128117,21,22409,21.404372634647142,Other,Home,1,0
26,34671,22,86970,13.782549090154902,Other,Education,1,0
50,47048,11,25464,20.157083172755463,Other,Education,0,0
70,45963,9,43840,6.125127263084693,Mortgage,Home,1,0
37,63954,33,49785,15.184128023793603,Rent,Home,1,0
30,115430,42,21662,24.62845622549355,Rent,Home,0,0
45,20717,9,19228,8.692043901913118,Own,Home,0,0
65,31676,29,61721,20.27010357269653,Mortgage,Medical,0,0
46,155506,21,50223,13.281003365785546,Own,Education,0,0
30,138696,5,8386,2.9155307141080087,Own,Business,1,1
63,150830,49,7862,19.54944614976035,Mortgage,Personal,0,0
52,24994,1,41108,5.877090321018594,Own,Business,0,0
78,24234,29,92788,16.523892044053255,Own,Personal,0,0
23,89300,1,76023,3.970276463080377,Own,Medical,0,0
35,63949,31,81140,23.777950142407192,Other,Education,0,0
68,57405,41,83963,8.709649405148301,Mortgage,Personal,1,0
22,54872,15,28201,7.2086879085800835,Other,Home,0,0
64,62215,11,69578,4.970137293525689,Own,Medical,1,0
42,43185,0,50966,23.758050446798098,Own,Personal,0,0
19,194514,7,55774,18.37378607615002,Other,Home,0,0
27,61153,47,11386,19.05820044051604,Own,Medical,0,0
73,97535,49,78228,13.486304911745625,Mortgage,Personal,1,0
47,153653,12,16225,12.91873906122112,Rent,Home,0,0
67,71717,14,17693,4.530488588803963,Other,Education,0,0
76,22763,43,73197,14.87634519843181,Rent,Medical,0,0
62,112910,7,44021,7.67907938750218,Rent,Personal,1,0
22,75480,9,19261,24.474342654409334,Rent,Home,0,0
72,189831,45,28378,20.321361620348387,Other,Education,0,1
73,138094,4,87755,11.498817384436414,Own,Home,0,0
50,176379,49,12937,5.48084894990526,Mortgage,Education,0,0
71,31064,18,67330,20.06262889619203,Own,Personal,1,0
18,96848,46,48366,4.807236642870268,Mortgage,Home,1,0
35,57548,37,73322,6.354676330432621,Own,Home,0,0
49,188017,10,41160,6.864971908117231,Rent,Business,1,1
64,199009,42,46313,14.80848468028117,Rent,Medical,0,0
66,26476,19,28032,20.102303041778423,Mortgage,Home,0,0
28,110101,19,92963,9.22924221066792,Other,Education,1,0
38,22382,20,18358,3.9474057283316566,Own,Medical,0,0
43,196348,17,62710,12.68438466106164,Rent,Personal,0,1
42,184474,49,96326,19.206535546678516,Mortgage,Medical,0,0
39,178018,9,87157,7.098268391009931,Own,Business,0,0
76,99698,33,49821,7.058264604905607,Mortgage,Personal,0,0
44,173407,25,29365,23.78622162897435,Other,Home,0,0
66,65095,29,14189,23.94553572374109,Other,Personal,1,0
30,149974,8,77749,24.780711837416256,Own,Personal,0,0
50,47197,45,8248,20.576170836219944,Other,Business,0,0
51,147619,30,5369,6.328235890862748,Own,Education,1,0
58,42010,41,64763,6.875574978383011,Own,Personal,0,0
52,175195,3,9050,9.825180555015017,Other,Education,0,0
18,107923,5,29605,9.317048220670289,Mortgage,Medical,0,0
38,153962,13,50616,24.00013822879421,Mortgage,Business,0,0
65,150526,3,55479,20.14870160627895,Own,Home,0,0
72,129162,25,81934,18.65220221971574,Rent,Personal,0,0
23,140927,46,41883,6.277154153337031,Own,Education,1,1
45,28026,47,34055,22.91908786533358,Mortgage,Personal,1,0
34,84925,38,69731,21.041018728641998,Own,Business,1,0
22,88842,16,91987,5.763762350542245,Mortgage,Home,0,0
48,53665,18,8450,22.036917635102366,Other,Medical,0,0
22,29277,48,3925,8.261693336520839,Own,Medical,1,0
55,193311,5,81051,3.860004154138439,Own,Education,0,0
20,198736,28,51272,17.10691304982683,Other,Medical,1,1
70,68008,10,6310,17.037507165839607,Other,Education,0,0
40,34683,15,32817,4.1834362200092166,Rent,Home,0,0
54,151742,29,93944,9.333591605541395,Other,Personal,0,1
70,168961,24,45528,24.834732631877387,Rent,Business,0,1
54,195607,39,56779,17.603813341200947,Other,Home,0,0
27,98542,10,85816,18.791728831876572,Mortgage,Home,0,0
27,74319,6,83641,6.897097568899031,Own,Medical,0,0
36,112067,25,85083,3.8119876330900295,Other,Medical,1,0
34,172711,21,77310,8.368738864041566,Mortgage,Business,1,1
38,167705,24,16457,7.7246628594434155,Other,Personal,0,0
31,185732,18,43311,7.394514317205221,Own,Home,0,0
26,88975,30,4980,6.43334940340191,Other,Medical,0,0
63,183244,25,21886,15.2193808850743,Other,Home,0,0
18,121158,41,78112,9.5463799443619,Own,Personal,0,0
68,31577,40,51877,20.8679353460932,Other,Education,0,0
62,97299,35,98427,6.230790610489832,Own,Personal,1,0
30,40176,22,37181,12.686422629976523,Rent,Home,1,0
21,195458,46,34262,2.31413023779984,Other,Home,0,0
79,83972,12,1947,13.078693416469417,Mortgage,Business,0,0
18,140018,24,1022,3.284279080158911,Other,Home,0,0
66,192075,1,2128,24.487640773070805,Own,Medical,0,0
57,39996,1,80522,20.183618958959496,Own,Business,0,0
49,120922,15,33322,13.272563962638474,Mortgage,Home,0,0
51,106598,8,49929,3.991509238125056,Mortgage,Personal,0,0
45,55931,27,82696,15.626245138179529,Own,Home,0,0
48,144168,12,10808,19.451566266143182,Rent,Personal,0,1
25,186782,34,96148,6.386496819109142,Rent,Personal,0,1
56,143099,40,53882,15.06879183811229,Own,Home,0,0
43,54693,12,22725,20.726850662805962,Rent,Personal,0,0
75,186812,30,73534,19.669698885865277,Mortgage,Education,0,0
51,128944,20,40950,20.468816410944516,Rent,Business,0,0
71,37374,31,89954,22.224438772003555,Mortgage,Home,0,0
71,101471,33,84576,23.566688349667814,Other,Education,0,0
20,65913,7,21557,11.326986569681326,Mortgage,Personal,0,0
76,143683,40,22825,15.081689358026177,Other,Personal,1,1
67,64516,47,9998,20.185169099049048,Mortgage,Business,0,0
29,107796,1,37080,18.034215720753014,Mortgage,Education,0,0
18,46069,37,58797,24.89696525008071,Rent,Education,1,0
71,138333,31,16802,2.314585975406815,Mortgage,Home,1,0
61,104811,39,12167,10.168063952263186,Own,Personal,0,0
22,138028,27,43407,8.463642304214655,Other,Medical,1,1
47,59178,36,14338,8.033264553807296,Other,Home,0,0
47,52821,40,77289,7.118184997474373,Mortgage,Home,1,0
76,36999,0,72520,18.309848338750268,Own,Home,0,0
74,58712,40,19895,3.9494678853324023,Mortgage,Business,1,0
34,191244,9,48910,19.057003180696782,Mortgage,Business,1,0
65,53722,3,66898,17.948794366374287,Rent,Home,0,0
64,30625,34,4454,7.768495047520617,Mortgage,Medical,1,0
40,26859,9,87540,7.815177012798709,Mortgage,Education,0,0
32,192681,46,61797,16.46379346292355,Rent,Education,0,0
54,194379,10,84137,19.52993542612459,Rent,Personal,0,1
38,130986,13,51637,22.159169101009407,Own,Education,1,0
31,41839,37,6349,21.599209968652943,Rent,Education,0,0
19,47216,11,40963,24.192308865768624,Other,Medical,0,0
28,72953,44,76583,15.371852592739756,Other,Education,0,0
68,69522,16,8750,22.89907791082827,Own,Medical,0,1
56,155958,15,95929,20.59580528498945,Mortgage,Business,0,1
55,131249,34,23463,22.577355359222313,Own,Medical,0,0
77,27485,1,75935,2.2674118295634327,Rent,Business,1,0
51,182527,10,59792,24.21576881291365,Mortgage,Medical,0,0
55,167839,40,14686,12.891193745469002,Own,Home,0,0
67,132701,2,64528,20.358208760221387,Own,Business,0,0
51,179525,28,23787,4.925694744768959,Other,Business,0,0
35,122638,17,15776,11.106645203721405,Own,Education,0,0
47,32226,19,96063,8.24359524948279,Mortgage,Business,0,0
32,113405,46,58427,8.708151721521553,Own,Medical,0,0
44,42588,13,62086,4.834879258870281,Own,Home,0,0
68,182781,33,64308,20.532568148489162,Rent,Home,1,1
51,198860,48,16797,2.2125732353647978,Own,Education,1,1
69,57019,30,6302,9.187625510659657,Mortgage,Medical,0,0
74,196020,39,64172,6.011442493977546,Other,Medical,0,0
55,85133,41,39059,15.547895633991832,Other,Personal,0,0
50,134444,17,1908,7.847805260134509,Other,Business,1,0
41,137603,29,61252,7.956964454146292,Other,Education,0,0
32,178598,24,81659,13.23177731189233,Rent,Home,1,1
77,148585,18,13877,17.01184790484129,Mortgage,Personal,0,0
47,63395,7,15239,4.790008204998763,Rent,Medical,0,0
72,175103,27,87971,6.036763406706411,Other,Business,0,1
59,145814,7,28313,7.685019125673905,Rent,Home,0,0
68,188773,30,43103,24.396208924713093,Own,Personal,0,0
34,132599,2,49408,11.134507498687167,Mortgage,Medical,0,0
22,45939,2,84251,15.77677208451361,Own,Home,0,0
46,171396,43,89771,7.555484692467491,Rent,Home,0,1
21,173939,21,92665,13.280569078622221,Own,Medical,0,1
27,20203,16,11534,3.704741010877035,Rent,Medical,0,0
73,167616,35,44060,2.7990693562135194,Rent,Education,0,0
34,166971,16,18189,12.780871116893584,Mortgage,Home,0,0
27,49063,13,87067,11.169163612923477,Mortgage,Medical,0,0
34,110880,8,11967,5.148247352912037,Mortgage,Personal,0,0
77,23748,29,82991,17.814832865176875,Other,Business,0,0
37,137269,20,66563,24.83678029068308,Mortgage,Education,0,0
41,100764,11,9660,11.099876887524387,Own,Medical,0,0
22,171956,36,91875,16.364848626100073,Mortgage,Business,1,0
51,176255,31,40823,24.14844667438317,Mortgage,Education,0,0
23,128036,10,56842,21.12530436627813,Mortgage,Home,0,0
70,170331,19,10616,12.661701135961772,Rent,Business,0,1
19,187031,34,76976,18.962258142578143,Rent,Education,0,1
30,136525,46,49738,4.947105925762052,Mortgage,Medical,0,0
79,184529,45,14107,13.778388675667381,Rent,Medical,0,0
60,105679,10,62404,8.41838637513854,Rent,Education,0,0
60,145829,7,95182,5.706764821611705,Other,Home,0,0
65,148216,3,92787,11.8044608438543,Own,Education,0,0
28,153175,26,16954,5.013334751973131,Rent,Personal,0,1
68,85901,43,17943,18.07665748801317,Own,Education,0,0
64,195607,39,41725,12.493521013226717,Rent,Education,1,1
74,167175,37,46434,14.216326548987269,Mortgage,Medical,0,0
40,118046,46,86751,5.366646589367612,Rent,Home,0,0
72,110012,29,11110,5.214748205150373,Rent,Education,0,0
33,98278,43,88091,15.418555010982853,Own,Business,0,0
48,32391,47,17462,24.655224200077264,Mortgage,Medical,1,0
28,122476,47,80232,4.213763414467689,Other,Medical,0,0
71,179973,26,55081,8.571822857012968,Own,Education,0,0
33,140721,20,53799,21.997559680371413,Mortgage,Business,0,0
25,117537,19,67567,3.66225628187045,Mortgage,Education,1,0
21,101159,3,90301,22.14537159143988,Own,Business,0,0
57,151040,10,52224,14.058577617619278,Rent,Medical,0,1
21,189509,12,57063,11.390135800307794,Mortgage,Business,0,0
73,55503,8,56240,9.122652980083485,Other,Education,0,0
42,95403,3,82352,8.833694636940365,Rent,Personal,0,0
20,192330,11,18868,9.033459396338012,Own,Personal,1,1
49,184796,8,76973,22.350470862084503,Own,Business,0,0
20,84286,12,81989,18.647290294020067,Own,Education,0,0
44,94842,47,23222,17.40362918011646,Own,Home,0,0
46,124927,25,80794,20.37123042589602,Other,Personal,0,0
49,34908,37,64924,7.913637249095334,Other,Medical,1,0
67,57228,41,79513,16.21498467788038,Mortgage,Education,0,0
78,43386,12,55649,12.581523496032872,Other,Education,0,0
75,197826,38,84749,19.99615760960445,Own,Personal,1,1
68,48302,27,11223,9.112890540885566,Other,Home,0,0
36,80815,18,49166,16.7931081880076,Rent,Medical,0,0
38,83344,23,40369,22.29088547179821,Rent,Home,1,0
22,186690,18,87379,11.24946095248336,Mortgage,Medical,0,1
35,131603,48,70392,3.5323080094516133,Own,Personal,0,0
45,81114,12,60526,13.869168913861234,Other,Education,0,0
59,45525,12,13661,9.957367219561597,Mortgage,Medical,0,0
78,99818,27,16591,17.461183752585022,Mortgage,Education,0,0
39,134589,1,72718,23.87375726921794,Other,Business,0,0
38,165406,9,56235,13.168991313927481,Mortgage,Business,0,0
23,114715,21,8970,12.72237529357728,Own,Personal,0,0
18,26644,12,48922,17.055450404403587,Other,Personal,0,0
22,121154,8,31755,4.380442582652057,Rent,Personal,0,1
58,184005,32,20416,7.830642345275336,Rent,Business,0,0
29,63469,13,14672,23.136524486509167,Other,Medical,0,0
43,184759,47,84468,17.408680107366624,Mortgage,Home,0,0
63,126609,19,47996,2.309213011618574,Mortgage,Personal,0,0
51,168447,14,75095,6.706385868857457,Rent,Home,0,1
66,85206,31,1064,17.705257118664676,Rent,Home,0,0
31,116462,32,69835,19.581181658939208,Own,Business,0,0
43,187679,16,71385,21.316770171502963,Mortgage,Medical,0,1
62,103178,23,6639,8.720066477787032,Own,Business,0,0
44,175065,29,12055,23.41365771438394,Rent,Personal,1,1
26,195458,12,60220,14.717778552291525,Rent,Business,0,0
43,197359,46,88594,18.020397514921537,Rent,Business,0,1
74,106724,47,30427,15.724993843937883,Rent,Business,1,0
64,116393,15,83516,4.82302125751627,Own,Personal,0,0
74,147314,1,65666,24.151637165852236,Rent,Personal,0,1
39,96312,16,65274,4.826138337565511,Other,Business,1,0
64,95324,31,11866,7.862284997457223,Mortgage,Business,0,0
73,91196,42,4889,20.713441245128543,Rent,Home,1,0
47,90014,7,49226,16.227730114525333,Mortgage,Medical,0,0
60,159282,2,32335,21.27743080365621,Rent,Home,1,1
65,161994,11,51547,13.861932332603033,Own,Medical,0,0
78,187361,19,27162,10.670844413432603,Mortgage,Medical,0,0
34,53340,15,90449,23.202446489599055,Own,Business,0,0
43,59850,13,25687,2.8338033028402814,Rent,Home,0,0
53,133711,15,99756,21.690995068120056,Other,Medical,0,0
18,31094,48,11995,7.308809059318977,Other,Medical,0,0
25,107959,42,57488,21.52093553834126,Other,Personal,0,0
66,184490,48,3631,5.201522108588369,Other,Medical,1,1
52,25741,32,35954,15.345036164882432,Other,Business,0,0
78,131585,29,6967,22.426482137263857,Own,Education,1,0
69,142564,11,89294,12.891411878674482,Other,Personal,0,0
32,88798,14,88278,19.17103349747804,Rent,Education,0,0
64,136026,17,65471,20.507447210677842,Own,Business,0,0
73,130130,27,38116,18.93936680048592,Own,Education,0,0
39,42164,22,93116,23.28258394811576,Other,Medical,0,0
31,186667,13,35227,12.277187301958358,Mortgage,Education,0,1
43,50257,29,2942,5.981885100798583,Rent,Home,0,0
45,165283,32,48664,3.099654465157035,Own,Business,0,0
40,115989,44,29069,7.668577001662618,Rent,Home,0,1
31,156304,14,88342,5.293542589245568,Mortgage,Education,1,1
41,72691,6,15407,14.83282105299305,Own,Home,0,0
19,99768,14,60201,6.253742755869836,Rent,Personal,0,0
62,176685,41,81093,2.895475267655537,Other,Education,1,1
43,34026,45,55348,2.827766063979361,Own,Home,0,0
31,50908,37,82981,21.126098462391816,Own,Medical,0,0
76,39610,45,18878,15.603348423189571,Own,Education,1,0
73,197718,43,84100,10.235961943547698,Own,Personal,0,0
68,83185,10,79629,22.56724498302568,Other,Medical,1,0
24,92567,28,56420,3.614522062377413,Mortgage,Education,0,0
20,198646,30,92987,24.547407672739997,Mortgage,Medical,0,0
64,56182,24,44168,16.174711175852604,Rent,Education,0,0
40,136136,23,55862,6.219677841283515,Other,Education,1,0
63,151642,18,90622,17.618589276470274,Other,Business,1,1
60,39288,1,83025,19.55776897502194,Rent,Home,1,0
64,98824,21,29004,11.874884017527814,Other,Education,0,0
77,180949,19,21471,21.817549943647588,Other,Personal,0,1
62,104425,32,92820,5.4668453678188165,Own,Home,0,0
35,20917,7,61167,8.413264422284993,Own,Business,1,0
75,95602,24,84828,4.150324316431765,Own,Home,0,0
55,84575,45,66308,6.850190333969099,Other,Home,0,0
52,92518,8,84969,7.490762673956336,Other,Education,0,0
68,59104,33,15568,23.105563391199333,Mortgage,Personal,0,0
32,169134,22,10466,3.796522841276593,Own,Education,0,0
42,36999,4,92057,11.830547764317316,Rent,Personal,0,0
72,161013,24,58324,14.245169806218998,Other,Personal,0,1
54,81169,7,16467,22.669940237449698,Own,Medical,1,0
45,174542,15,98555,24.94701302920791,Mortgage,Education,0,0
27,149744,47,76955,19.327926643156225,Own,Business,0,0
56,130684,44,53948,24.32819278308768,Mortgage,Home,0,0
74,79821,14,17676,20.103326048325098,Mortgage,Medical,1,0
34,195507,0,95791,24.15366074234258,Other,Business,0,0
56,155601,21,32514,18.267226696722467,Mortgage,Education,0,0
39,32192,2,23650,3.8345587853746346,Mortgage,Personal,0,0
43,94102,37,89290,11.24416430083156,Rent,Education,0,0
79,134894,13,78701,16.87173752745682,Mortgage,Education,1,0
61,106795,35,11683,10.066525717447773,Rent,Medical,1,0
42,185159,17,99092,8.287830116616908,Rent,Business,0,0
34,86677,46,60819,15.280183144061093,Own,Medical,0,0
30,155699,40,81978,23.470543164156002,Own,Business,0,1
37,154327,17,5860,2.8045830908715317,Other,Medical,0,1
42,156285,2,4729,19.692317681453066,Other,Home,0,0
21,122412,9,32351,18.622727395026423,Other,Personal,0,0
27,39404,48,63744,24.170928783930602,Mortgage,Personal,0,0
20,136545,38,25346,23.4063581136485,Own,Personal,1,1
58,176452,46,75155,19.531348927016435,Mortgage,Home,0,0
62,170245,0,77700,13.96940158769977,Own,Home,0,0
35,43989,26,7955,6.698153724370957,Mortgage,Personal,0,0
64,128106,26,66642,14.540421521488211,Other,Personal,0,0
53,44519,10,71290,19.603095860152038,Own,Business,1,0
64,42439,48,45293,22.600391890671542,Own,Business,0,0
39,138570,4,62336,20.16337621184263,Rent,Education,0,1
51,34995,6,22662,6.491139509394242,Own,Medical,0,0
64,43559,18,7408,15.792785227245366,Own,Business,0,0
25,109049,28,41403,9.63998956922121,Mortgage,Business,1,0
57,156093,14,2225,2.211730349984789,Other,Business,0,0
66,118000,34,13196,6.60508152313932,Rent,Business,1,0
61,172191,46,70786,4.604074948469333,Mortgage,Home,1,0
36,59350,36,16372,21.382539841407777,Own,Education,1,0
59,197295,11,18279,7.945643799399676,Mortgage,Business,1,1
58,45517,29,96729,8.548053284413776,Other,Medical,0,0
54,173322,19,55240,24.07854115137434,Rent,Business,1,1
23,109132,36,93404,10.7189946301236,Mortgage,Home,0,0
69,79546,2,39187,2.2204697233210746,Own,Personal,0,0
43,125686,8,49481,8.528461411961139,Mortgage,Personal,0,0
51,108151,40,29475,4.743890353841686,Own,Education,0,0
76,23327,38,45552,4.364596919924641,Rent,Personal,0,0
73,140318,25,68969,3.7822076731222385,Rent,Business,0,0
76,180840,1,77534,15.644967814033677,Mortgage,Home,0,0
62,193860,22,97669,6.354997643486748,Rent,Education,0,1
23,135945,22,7858,10.30858426294324,Other,Business,0,0
54,66830,20,75486,21.826407470990386,Mortgage,Personal,1,0
74,72446,15,75474,11.75977721531434,Own,Medical,0,0
50,166232,8,26168,23.060901051187663,Mortgage,Business,0,0
70,185070,12,33099,13.452575228098944,Own,Medical,0,0
39,178302,27,72180,11.173242141314383,Rent,Medical,0,1
38,160148,26,62455,19.258945323086138,Own,Education,0,0
23,89341,16,55240,3.683027271664048,Own,Home,0,0
23,51085,37,75796,4.0580028085955995,Own,Personal,0,0
72,75571,35,55592,16.995395420228096,Own,Personal,0,1
65,165787,0,48458,13.19963640450271,Other,Business,0,0
21,148308,17,59046,20.179550757341836,Own,Personal,1,1
47,25750,8,17488,23.074229258901223,Mortgage,Education,0,0
28,133931,12,59841,10.932438186445593,Other,Personal,1,0
79,98768,39,1395,15.717430611446863,Own,Business,0,0
79,55903,44,53669,13.516022439292128,Own,Personal,0,0
47,183165,14,11845,24.577045079775957,Own,Home,1,0
48,111036,42,37059,21.114941369201688,Other,Medical,1,0
41,107954,43,19394,22.96996729037913,Own,Medical,0,0
72,185386,45,94993,7.8498220142848965,Own,Medical,0,0
26,199297,3,46906,19.76810773273967,Own,Home,0,0
72,103014,32,60332,8.105884174945924,Rent,Education,0,0
20,186251,23,38305,6.801078268852967,Mortgage,Business,0,0
68,137305,35,43628,23.718121672077668,Own,Home,1,0
48,176410,40,22352,2.444001584510933,Mortgage,Business,1,1
57,52101,9,87682,24.203940184258883,Rent,Education,0,0
54,22775,35,83971,5.433023630742543,Rent,Home,1,0
53,131497,19,52993,20.847075881245168,Own,Personal,0,0
41,65619,40,40386,8.346218720566371,Mortgage,Education,0,0
48,196910,44,57624,10.06615353090673,Other,Medical,0,1
23,170611,43,58065,6.985427360405654,Own,Home,0,0
19,77124,10,86504,15.466822977064831,Other,Education,1,0
37,85149,11,9539,10.006197592681104,Rent,Education,1,0
45,46616,17,2263,17.120039908377255,Rent,Home,0,0
28,188171,29,14305,2.3598883126675174,Mortgage,Medical,0,1
21,81799,43,54817,3.480622320845911,Other,Medical,1,0
32,110221,47,25398,4.292206512818719,Other,Education,1,0
23,134879,36,98616,11.636854762135314,Own,Business,0,0
71,45479,19,76801,20.740311971179448,Mortgage,Education,0,0
66,197244,24,50107,22.428091938702803,Mortgage,Home,1,1
47,119165,11,33152,7.630647021400717,Other,Home,0,0
73,75863,20,94260,15.210503657497322,Rent,Home,0,0
55,193115,24,31624,19.67239483192981,Mortgage,Medical,1,1
68,102569,10,57132,8.643076888151,Rent,Personal,0,0
79,166480,8,53979,11.407177944934284,Own,Home,1,1
74,36351,49,59013,14.05140666177142,Mortgage,Home,0,0
19,155203,24,95925,5.102121467385097,Mortgage,Business,0,0
32,64825,34,64797,2.597592755692947,Own,Business,0,0
28,31349,31,52798,5.514533614320515,Mortgage,Education,0,0
25,64254,48,17650,16.41763328883127,Other,Education,0,0
43,58225,13,27014,3.6932200152746786,Other,Education,0,0
68,32453,0,77421,6.363016391552951,Own,Home,0,0
62,169886,16,8434,9.770639370991987,Rent,Business,1,1
61,169335,24,31028,3.7910114790464258,Rent,Education,0,0
22,97694,7,67558,6.409083236717592,Mortgage,Business,0,0
23,35735,4,25331,22.959205146620754,Rent,Home,0,1
43,166902,4,68573,2.4438800412206496,Rent,Home,0,1
71,67893,40,75292,17.02893425601033,Own,Education,0,0
21,195745,34,47326,10.841405411049253,Rent,Home,0,0
36,147006,18,83979,17.470921006944536,Rent,Home,1,1
37,65066,22,5123,15.539909568358304,Rent,Business,0,0
50,154445,8,17603,7.140471350156819,Other,Personal,0,0
37,161407,29,66941,21.485818214187937,Other,Medical,0,1
66,174813,49,43597,13.314628800015203,Own,Education,0,0
29,30692,15,64238,20.91832843500985,Mortgage,Personal,0,0
64,198367,32,85238,11.338288332329041,Own,Education,1,1
18,65541,1,43719,24.647767740050497,Mortgage,Personal,0,0
43,185129,13,92786,19.721255245529814,Mortgage,Home,0,0
31,86983,45,42751,24.21685471758919,Rent,Education,0,0
55,170655,0,87978,13.829509014926753,Rent,Personal,1,1
54,173837,25,18693,12.894896042686112,Own,Medical,0,0
79,174978,24,90541,19.37543761448093,Own,Home,0,0
28,140747,15,38697,22.246699049308894,Own,Education,0,0
53,105103,14,95524,24.175353304907834,Other,Education,0,0
30,197597,25,98869,9.464693838747493,Other,Personal,0,1
60,189302,46,30992,20.370205198380695,Other,Education,0,0
20,170592,43,64825,6.844848745617344,Other,Home,1,1
50,45566,15,10522,14.548209975145241,Other,Business,0,0
23,93193,13,46406,6.1365074134115805,Rent,Personal,0,0
67,181206,28,13121,9.990139320257793,Mortgage,Medical,0,1
73,161417,23,15219,23.421242445748565,Other,Education,0,1
27,141015,46,2617,5.36008609478098,Own,Home,0,0
22,192257,14,44016,16.54522058810952,Mortgage,Education,0,0
40,150956,18,51672,15.637948277330276,Other,Medical,1,1
27,90744,7,25276,4.776982112306689,Other,Home,0,0
61,53455,33,73240,9.497518006682679,Rent,Medical,0,0
19,179090,1,56735,14.948574603851112,Rent,Home,1,1
30,74219,26,18959,6.305108006735276,Rent,Business,0,0
57,65991,9,29522,20.414344097494755,Other,Home,0,0
19,93616,34,57087,24.359599719299247,Rent,Medical,0,0
37,107438,22,10953,6.939466199136858,Other,Personal,0,0
18,136841,48,27567,6.2989751901832465,Mortgage,Business,1,0
54,160558,7,61523,12.463506651341227,Mortgage,Education,0,0
26,189934,27,63708,19.19860137422074,Other,Business,0,0
34,78870,22,23560,8.476814035410783,Own,Business,1,0
26,106694,3,59390,2.457237900037449,Other,Education,0,0
28,63856,13,69149,14.44807444475656,Mortgage,Home,0,0
32,121407,41,37660,24.001813058648075,Mortgage,Business,0,0
41,51379,28,46104,10.999367674359748,Other,Business,0,0
55,84729,0,58805,11.663094746211309,Other,Personal,0,0
72,179450,3,25496,24.284739493622872,Other,Personal,0,0
52,74353,31,84301,17.97597506741475,Mortgage,Medical,0,0
47,34031,32,92257,18.54095422536888,Own,Education,0,0
48,85982,48,4515,14.942146123534556,Other,Home,0,0
66,56683,25,5454,24.416011849854556,Mortgage,Home,0,0
22,134091,16,23873,17.84392914178779,Other,Medical,0,0
79,137797,38,74920,22.585753286918898,Mortgage,Home,0,0
77,168690,22,14727,18.085713911864087,Other,Home,0,0
61,26587,31,70070,18.907663971329107,Mortgage,Personal,0,0
67,82790,14,98425,8.679451209271669,Other,Home,0,0
31,51480,12,50979,8.980010054317837,Rent,Home,0,0
70,171599,1,26465,20.00864694024867,Other,Medical,0,0
73,43569,18,54900,8.82424465090769,Mortgage,Medical,0,0
28,31151,23,60799,14.943711628435228,Other,Business,0,0
26,64739,44,97129,7.735103150854145,Own,Home,1,0
51,52954,23,22330,20.790617758608597,Other,Home,1,0
29,129373,10,9302,4.54153107823687,Other,Home,0,0
52,186375,21,79443,21.077272714518283,Other,Personal,0,1
52,54700,14,90966,15.862785411674842,Own,Home,0,0
18,143728,9,73717,6.298919301022778,Own,Personal,1,1
57,86788,40,13875,14.466813866640718,Own,Business,1,0
39,91045,26,28219,8.49747324748883,Rent,Education,0,1
77,188914,8,37182,9.439748698801422,Own,Home,1,1
46,164972,27,81541,10.085144956728248,Rent,Medical,0,0
25,147992,0,43269,3.456342680363382,Other,Medical,0,0
28,100059,16,80781,24.6771187412326,Rent,Home,0,0
58,21881,30,7457,2.725296447018154,Other,Personal,0,0
54,184109,43,7749,17.237428083238406,Rent,Medical,1,1
31,152702,9,34064,10.538235898420902,Own,Medical,0,1
77,40789,36,10821,16.858236691774074,Own,Business,0,0
47,146083,28,99297,10.193709821014426,Rent,Business,0,0
52,108059,17,79655,17.49626486395375,Rent,Business,0,0
38,66151,46,8664,18.7724167177723,Own,Medical,0,0
54,199992,37,30281,17.882710729191828,Other,Medical,0,0
22,129388,38,32821,4.621125571237503,Other,Home,0,0
36,23262,48,25647,17.10854439705775,Other,Home,0,0
76,86981,5,70918,8.439713637444239,Other,Personal,0,0
31,140951,39,82985,2.662431523094671,Mortgage,Medical,0,0
43,143099,11,83799,11.54110545344594,Other,Home,0,0
79,101972,13,91179,11.971491364487424,Mortgage,Home,0,0
21,95485,43,75944,12.74500506710627,Mortgage,Business,0,0
42,74722,9,90142,18.210955803986472,Own,Business,0,0
62,109499,19,28603,9.103407610276559,Own,Business,0,0
59,181004,14,47458,9.25145180139022,Rent,Education,0,1
42,26901,30,71605,3.3927018935489937,Other,Home,0,1
35,137473,6,20623,17.796887967822805,Other,Business,0,0
57,28597,40,45440,15.06000010219043,Own,Business,1,0
25,149631,9,83427,10.036777591957126,Own,Medical,0,0
56,83909,9,8704,18.219346515099158,Own,Business,1,0
57,92391,47,94826,14.359228232218175,Rent,Medical,0,0
31,159335,38,28460,12.792633755022413,Other,Personal,0,0
49,83293,27,84045,13.760464504205908,Rent,Business,0,0
68,176877,29,83805,16.6360068811423,Mortgage,Medical,1,1
78,31874,36,74511,17.18005990521579,Mortgage,Business,0,0
55,106402,2,7565,8.646029840236494,Other,Personal,0,0
50,34079,49,89003,5.237097357996524,Own,Business,0,0
40,92779,42,5870,5.602586167381931,Own,Medical,0,0
32,115408,14,19909,16.705990375769037,Rent,Personal,1,0
50,160090,20,10117,22.076085572643898,Mortgage,Personal,1,1
42,140606,36,68474,11.418414401947691,Mortgage,Personal,0,0
34,140062,11,94926,5.898963687577634,Other,Education,0,0
50,32100,3,45322,19.401857460758656,Mortgage,Medical,1,0
64,77021,46,21128,21.147257911647316,Own,Education,0,0
72,170872,8,98317,22.25339619178223,Own,Personal,0,0
19,148126,38,70001,15.957122865015863,Own,Education,1,0
31,112446,41,1440,21.796756865925946,Other,Business,0,0
70,49437,27,61955,2.3545440443133767,Rent,Education,0,0
57,197747,22,50613,4.466423440699041,Mortgage,Home,0,0
57,171014,44,71949,4.129249542198272,Other,Personal,0,0
68,40862,39,12663,18.38990773785886,Rent,Personal,0,0
56,31669,43,20547,3.6003810215023178,Other,Medical,0,0
68,141219,21,82662,13.416380566725062,Mortgage,Business,0,0
23,35916,23,1005,12.87225866863465,Own,Medical,1,0
23,30878,25,8038,9.146181041839542,Rent,Education,1,0
20,22985,29,7414,22.019318908668296,Rent,Home,0,0
24,61235,32,88659,5.9199636432399085,Other,Home,1,0
68,38931,15,70506,10.106644041182516,Other,Home,1,0
25,112876,21,77586,19.80594450052737,Own,Home,0,0
59,20336,48,3606,2.6997132310455374,Other,Business,0,0
69,62933,49,17482,17.47785920566648,Mortgage,Education,0,0
32,65536,42,99829,20.777147706316125,Mortgage,Home,0,0
64,89504,17,72873,23.442160293277848,Mortgage,Personal,0,0
46,119214,6,34948,22.154822731304154,Mortgage,Education,0,0
50,133936,49,90987,9.345834687174758,Own,Business,0,0
69,36279,25,92801,15.486375250427908,Own,Home,0,0
47,123751,7,92250,3.7777503424607146,Own,Business,0,0
56,124433,5,21875,7.931010081604198,Other,Home,0,0
44,91386,29,14057,4.16711471119267,Own,Personal,1,0
53,106124,38,33400,9.249307673541168,Rent,Education,0,0
46,125750,22,72458,22.129305909550766,Rent,Personal,0,0
55,97485,31,69607,9.98483731250873,Rent,Home,0,0
74,94055,21,88561,14.923656369032807,Other,Medical,0,0
50,111911,41,28503,11.967759506643638,Other,Education,0,0
78,118618,42,24765,12.555080058870912,Own,Business,1,0
54,133892,44,47612,24.30015719224084,Mortgage,Home,0,0
44,91128,8,99318,8.811552770068733,Rent,Personal,1,0
72,169180,30,85335,16.428462799032943,Other,Medical,0,0
50,72495,6,94012,11.661441400327282,Rent,Home,0,0
79,102806,8,82748,3.406362164096783,Own,Business,0,0
21,113185,12,10428,13.254609127357426,Other,Personal,0,0
39,190591,2,32419,20.70689656803749,Mortgage,Education,0,0
19,69649,34,66195,4.271318279678832,Mortgage,Medical,0,0
27,185596,32,74695,3.600612490115106,Other,Home,1,0
22,184957,20,90846,5.533524969045134,Mortgage,Home,1,1
76,195441,30,40142,19.58120256195404,Own,Home,1,1
27,115402,33,72540,18.651893835328973,Mortgage,Home,0,0
50,50676,31,39289,14.995408684840543,Rent,Personal,0,0
71,84093,34,77948,12.769207294130545,Rent,Education,0,0
55,198836,14,59951,22.431493738160306,Rent,Business,0,1
30,99414,31,12755,19.634049948170098,Other,Medical,0,0
48,113095,5,85553,20.67467177994152,Other,Home,0,0
64,92307,44,4890,20.70503293106505,Other,Home,0,0
53,115432,20,95376,16.782494559147835,Other,Education,1,0
62,51923,32,18175,12.534336359266755,Other,Education,1,0
41,137449,31,75727,21.887588309469958,Own,Personal,0,0
69,67574,18,66687,23.298170604874766,Other,Personal,1,0
73,194463,32,85983,2.547538994941889,Mortgage,Personal,0,1
32,141757,27,89287,3.18576208512378,Own,Medical,0,0
46,73664,30,95711,24.05109582889406,Other,Personal,1,0
25,87384,20,25288,8.37469411841648,Mortgage,Home,0,0
22,51027,33,47629,22.08749711193663,Own,Personal,1,0
46,186536,14,48800,10.94228773611226,Rent,Medical,0,1
64,54485,13,38367,4.7393013250151785,Own,Personal,1,0
21,170528,18,78810,3.850193604814688,Other,Personal,1,1
29,55554,42,78754,5.599681678850499,Own,Home,0,0
62,66922,14,90328,7.747543481949388,Own,Home,0,0
19,33409,5,69513,13.235922140409002,Rent,Home,0,0
44,56639,8,83762,18.13445171301302,Own,Personal,0,0
48,39692,36,30022,24.6871672591619,Own,Home,0,0
68,109037,19,70329,12.154655095650934,Rent,Education,1,0
68,38074,33,60414,13.918253673891527,Other,Business,0,0
53,166621,37,2659,14.00176113181488,Mortgage,Business,1,0
53,49963,25,58941,14.406990176222529,Own,Home,0,0
43,72265,17,38930,13.908035113402633,Rent,Medical,0,0
60,36061,27,44473,2.20181936642411,Own,Home,0,0
44,179882,8,56598,2.039670908526336,Other,Home,0,0
22,133502,31,17040,4.246325316900827,Other,Personal,0,0
37,42800,5,70806,4.335801878871113,Rent,Medical,0,0
28,136192,13,14286,18.212628905960308,Mortgage,Home,0,0
79,127228,27,70139,6.713068747867995,Mortgage,Education,0,0
27,48054,23,56916,22.578424409379096,Own,Business,0,0
57,196469,12,18600,23.357945580271448,Rent,Education,1,1
55,33233,42,3291,24.44554677160567,Mortgage,Education,1,0
23,176140,11,14123,23.598870012401463,Other,Education,0,0
25,85727,18,4811,8.253431404126067,Mortgage,Medical,0,0
40,110610,20,79883,13.724867428180787,Rent,Medical,0,0
64,90453,26,32276,6.035464314529643,Other,Medical,1,0
43,124135,18,55145,20.54282206896596,Own,Business,0,0
63,176904,23,47619,22.43392921831421,Other,Personal,0,1
60,128464,25,82049,21.579643303842843,Mortgage,Home,0,0
29,33682,44,71678,11.967439820027202,Mortgage,Home,0,0
43,174455,27,89782,19.449499347795964,Mortgage,Personal,0,1
30,78160,45,92043,4.244320900254197,Own,Home,0,0
57,43666,17,27714,2.925629724242766,Mortgage,Education,0,0
79,78817,43,56685,19.324437529101502,Rent,Business,0,0
35,111198,35,13194,11.783171309559725,Own,Home,0,1
42,185714,41,74062,24.897633089010093,Other,Business,0,0
50,61830,28,65037,4.236846964677245,Mortgage,Personal,1,0
64,30234,16,20362,21.679436675310377,Rent,Home,0,0
57,77616,3,55499,13.03961050716681,Rent,Business,1,0
77,29221,43,47281,21.024454496589172,Own,Education,0,0
60,162482,44,63813,20.793927489913333,Rent,Education,0,0
29,21051,28,45852,23.06781603132778,Own,Personal,0,0
61,130529,3,48836,8.850550259580363,Own,Medical,0,0
53,96918,9,5595,23.84538512962607,Own,Home,0,0
65,98116,24,96930,5.488340088225266,Other,Education,0,0
21,142226,30,16402,3.885281884650282,Other,Education,1,0
22,64757,2,66283,11.92715689956403,Rent,Personal,0,0
73,141008,46,93676,21.05142827876238,Other,Education,0,0
54,151379,1,89131,12.888686004569248,Own,Home,1,0
25,76889,24,43723,21.073593583201824,Own,Personal,0,0
59,55944,48,52322,18.78279653326902,Other,Business,0,0
66,119555,5,47764,6.816852881195472,Rent,Personal,0,0
45,58134,25,25911,23.824277372687668,Own,Home,0,0
48,178395,7,92288,3.3979668784762787,Other,Home,0,0
75,45954,34,20405,22.660433273507284,Mortgage,Business,0,0
26,109959,26,59122,9.002199326778602,Rent,Personal,0,0
71,24992,24,90756,13.503405912781183,Rent,Home,0,0
68,21961,17,4447,11.714093072116894,Rent,Home,0,0
46,32497,0,54143,5.952194809089072,Mortgage,Business,0,0
31,183623,47,63906,10.237377927238942,Own,Medical,0,0
57,33255,38,11662,6.437492034734292,Rent,Personal,0,0
58,155639,2,64001,6.689388935592048,Other,Home,1,0
39,68847,3,59282,6.302307228606748,Rent,Education,0,0
28,199075,40,5899,13.247399747971668,Other,Business,0,0
40,40389,36,29582,20.352421452760257,Rent,Medical,0,0
18,195595,14,68471,15.086310776508544,Other,Medical,1,1
63,143802,7,43213,22.543751536669365,Other,Business,0,0
54,81576,37,76871,16.640523237264656,Other,Medical,0,0
38,63919,49,84205,17.854822659549903,Mortgage,Home,0,0
43,23358,18,75081,17.354966283721073,Mortgage,Medical,1,0
63,108535,46,84805,12.337561443226047,Mortgage,Personal,0,0
53,125982,25,38830,17.854792910601905,Own,Education,0,0
71,25698,38,8066,3.603278168786107,Other,Home,0,0
40,86809,9,11712,21.776583854060252,Own,Business,0,0
74,113079,37,82527,19.889679299210098,Mortgage,Education,0,0
18,75805,13,66365,7.6402890393286125,Other,Home,1,0
71,182421,48,88185,19.664746447843896,Own,Education,0,0
72,95033,40,31806,2.2907798322004256,Mortgage,Medical,0,0
68,118239,18,13210,6.996671167060249,Own,Business,0,0
57,150407,29,37972,3.4981564894306065,Own,Business,0,0
32,64041,4,35136,19.945219082211576,Mortgage,Personal,0,0
38,51954,30,45297,19.385105477102904,Other,Medical,0,0
64,28002,6,16945,20.713628547442106,Rent,Personal,0,0
26,89783,18,96201,2.1030789464871633,Rent,Personal,0,0
70,127524,30,43477,13.528352713603384,Own,Medical,0,0
26,144857,38,80180,18.21123254289874,Own,Home,1,0
27,39738,23,71453,5.574225960997356,Own,Personal,0,0
69,30703,33,86404,16.94518673279037,Other,Education,1,0
74,133776,22,78413,3.9345322841227715,Own,Home,0,0
70,163464,47,14224,6.170494690399203,Own,Medical,0,0
43,64724,44,4052,12.943326744875824,Own,Business,0,0
58,52299,39,28272,17.031998511665346,Mortgage,Home,0,0
52,35641,5,42150,5.3549899199396105,Rent,Personal,0,0
69,99534,37,97204,6.260136609111571,Rent,Education,1,0
42,26305,40,18316,6.702266442510249,Mortgage,Medical,1,0
43,38782,35,54389,7.490118508076505,Other,Business,0,0
28,98257,26,64332,7.210738516104699,Other,Education,1,0
55,97963,10,8240,11.088429495445645,Other,Business,0,0
19,141987,4,98095,17.03716196924463,Mortgage,Medical,1,1
24,171638,16,69774,12.074731012092803,Rent,Home,0,0
35,144591,6,44175,19.847399901247428,Rent,Personal,1,1
44,87766,26,1565,18.54317563681814,Own,Medical,0,0
51,26511,46,88298,4.910119023128741,Rent,Education,1,0
44,134816,14,72094,3.1233573363771105,Other,Home,0,0
34,177249,45,17375,22.19265597199094,Other,Business,0,0
60,24765,12,26710,3.8361145309460887,Own,Home,0,0
76,171426,10,50895,5.411801156553401,Own,Home,1,0
61,43929,44,77639,2.5090653378367156,Rent,Education,0,1
76,179892,25,16174,16.451736401869034,Own,Personal,0,0
68,131576,21,88329,15.394522952642017,Own,Home,0,0
71,180595,27,28597,24.69878432801088,Mortgage,Home,1,1
41,91088,23,75289,22.399445115294956,Rent,Personal,0,0
42,97525,28,39397,11.449393082060924,Other,Personal,0,0
24,33780,8,72854,10.546474340988304,Mortgage,Business,1,0
69,26589,41,34069,8.827596788439656,Other,Business,0,0
23,185884,3,86687,5.505359160871271,Own,Personal,0,0
70,113664,48,41274,5.175924101846208,Own,Medical,0,0
41,197011,45,75237,5.042525284220925,Other,Personal,1,1
50,124188,17,73498,4.624639415295906,Mortgage,Business,0,0
66,113326,42,39197,7.531776975327349,Mortgage,Education,0,0
46,60953,15,49634,9.053378497201678,Mortgage,Education,1,0
60,85785,32,31041,24.116316333895064,Own,Home,0,0
39,39309,28,8248,15.304884773043373,Rent,Education,1,0
43,74195,38,86365,24.714702813805463,Own,Business,0,0
45,45901,9,3203,10.566739799990485,Other,Education,0,0
67,174648,8,52986,12.525412549557144,Mortgage,Medical,0,1
38,182580,30,26370,9.465309160801421,Rent,Personal,0,1
66,45464,27,36247,6.206415970620712,Mortgage,Personal,0,0
24,36260,2,76922,5.292788278884321,Own,Business,0,0
34,144997,13,1434,23.736821549580135,Rent,Home,1,1
37,55440,24,63982,24.696645681371383,Rent,Personal,0,0
58,115082,14,66180,3.0329184197008257,Own,Education,1,0
66,125583,1,35474,5.45795511883063,Mortgage,Medical,0,0
37,76683,23,25644,11.74105412292352,Mortgage,Home,0,0
71,144206,13,39493,6.285669955921369,Mortgage,Home,1,1
39,192502,47,84824,10.369249053418315,Own,Home,0,0
45,153059,6,4959,4.969216046771567,Other,Personal,1,1
78,176177,35,48289,12.499770404601175,Other,Home,0,0
57,98484,49,12143,8.248976171892963,Mortgage,Business,0,0
66,164098,23,40593,10.093816282449199,Rent,Education,0,1
24,88309,26,40115,4.169190983643194,Other,Medical,0,0
18,65927,36,23540,11.84694516633326,Mortgage,Education,0,0
49,62946,37,36481,24.614925052116106,Other,Business,0,0
30,146503,29,96505,9.563160078267376,Mortgage,Business,0,0
47,161449,26,78097,22.157873321376005,Other,Education,0,0
40,73592,38,23578,21.39358025734476,Other,Personal,1,0
68,158419,14,13787,23.897343620835844,Rent,Business,1,1
76,53776,25,73048,20.17251878214317,Rent,Home,0,0
73,154855,0,53879,17.170727022352743,Other,Medical,0,1
36,75798,3,11596,21.701442217231524,Mortgage,Medical,0,0
79,155370,28,98282,3.7398276551190417,Rent,Business,0,0
49,90204,0,61669,12.645105115572578,Own,Home,0,0
47,106207,42,20930,24.752893488146352,Rent,Education,1,0
46,120356,49,48950,19.70080347977884,Other,Medical,0,1
66,80652,45,96737,24.127733694856133,Other,Home,0,0
62,185556,21,19687,19.93159019107002,Own,Home,1,0
46,149572,10,53833,22.122285251169316,Rent,Personal,0,0
47,40922,9,36989,18.250181542973394,Other,Business,1,0
33,185100,16,31183,19.491546101596516,Own,Home,0,0
57,171388,35,21758,14.033094226308515,Own,Education,0,0
36,96996,46,2082,23.257467118725057,Mortgage,Medical,1,0
35,168040,25,97368,20.97589494433732,Rent,Personal,0,1
18,50266,47,46891,21.40935421030954,Rent,Education,0,0
31,175072,20,46810,17.479209322150204,Rent,Medical,0,0
68,165083,12,47901,9.005338783006728,Other,Business,1,0
64,22866,8,84512,2.8194852939732047,Own,Education,0,0
67,132669,10,72062,23.520067976419526,Mortgage,Medical,0,0
19,25898,10,97622,15.480768022526428,Rent,Personal,0,0
71,38395,5,22563,8.857288336407226,Mortgage,Medical,0,0
45,190091,0,73008,5.430107480493369,Mortgage,Home,0,0
66,24006,5,3775,21.079032806517358,Own,Personal,0,0
67,185465,12,16828,21.239964472294314,Rent,Education,0,1
47,30956,21,18974,20.733683267002224,Mortgage,Business,0,0
55,157150,30,23388,16.836901915236083,Rent,Personal,1,1
68,180703,21,81591,10.418353914613146,Rent,Personal,0,1
21,115676,36,19615,8.99361654994591,Rent,Personal,0,0
18,141724,46,38886,2.196759712717914,Mortgage,Medical,0,0
25,82901,26,23838,21.17297384982953,Own,Home,0,0
46,127227,49,41728,4.010952042353777,Own,Business,1,0
72,137192,13,79000,16.507364954937657,Mortgage,Business,0,0
56,192646,46,53798,13.593723777322031,Other,Home,0,0
20,51417,4,73776,14.113855255306076,Rent,Medical,0,0
49,108020,35,71478,23.314395442078787,Rent,Medical,1,0
27,103639,31,20622,2.7271452592385685,Own,Home,0,0
27,114881,33,14536,19.788021166461764,Mortgage,Home,0,0
36,190526,6,68136,3.197205162448064,Mortgage,Education,0,0
63,152659,41,6700,2.8775329365136755,Other,Medical,1,0
51,141688,47,39839,11.885807057251785,Other,Personal,0,1
77,135584,9,11248,3.4507290098882346,Own,Business,1,0
50,106567,49,46291,20.150310879736978,Other,Medical,0,0
40,95886,16,83629,14.179951153911755,Other,Home,0,0
72,169888,29,85891,2.6678920011748124,Mortgage,Personal,1,1
45,49432,20,18177,2.931515789084149,Mortgage,Education,0,0
49,199689,12,20483,16.091376184008027,Other,Education,0,1
67,92373,0,44815,20.540571806143312,Own,Personal,1,0
24,185289,0,39533,12.069389219319792,Other,Personal,0,1
46,40884,46,1026,14.755355445319362,Own,Home,0,0
25,25454,32,61611,20.396077443147735,Other,Home,0,1
18,94960,37,88242,16.04164200296184,Mortgage,Business,0,0
74,122421,24,25660,7.169485466152848,Mortgage,Business,1,1
72,63618,25,56103,16.10019659499801,Own,Education,0,0
20,67111,12,53253,16.45042755849991,Other,Personal,0,0
41,190685,27,43082,18.884460560265914,Other,Education,0,0
40,140592,32,17258,16.280106313806428,Own,Home,0,0
76,79993,36,99315,24.292569000534872,Other,Medical,1,0
78,148652,40,90690,6.537631100492575,Rent,Home,1,1
25,159920,29,96220,23.875085630042754,Mortgage,Medical,0,1
71,98672,48,16389,14.381808278050375,Mortgage,Personal,0,0
74,86125,47,92860,17.454991231382976,Own,Personal,1,0
64,137509,7,28685,4.287616741400367,Other,Personal,0,0
54,81602,48,60220,10.753246651696461,Own,Business,0,1
20,62222,46,28195,19.69572036865297,Rent,Business,0,0
68,69223,0,22797,18.25895334727678,Other,Medical,0,0
50,85333,11,72310,2.9232059278044344,Rent,Education,1,0
45,142650,4,98169,14.571668060436625,Own,Education,0,0
64,69420,23,67332,4.0303984382734175,Mortgage,Medical,1,0
25,95504,5,94925,24.90469787109773,Rent,Business,0,0
51,22462,24,63907,22.637821536265776,Other,Home,0,0
52,29460,0,8188,2.48485518985635,Own,Medical,1,0
49,119319,24,24696,21.74894031476051,Own,Education,1,0
41,160347,0,3024,23.146880812843374,Own,Medical,0,0
31,164341,31,74202,10.131609118959467,Mortgage,Medical,0,1
49,149593,41,36985,18.548538066098615,Own,Personal,1,1
73,142672,41,7584,12.168386162778916,Own,Business,0,0
63,92920,2,91998,17.070347145255916,Mortgage,Personal,0,0
60,42553,48,28044,9.827300298858404,Own,Business,0,0
33,175438,18,6285,9.418862442565171,Own,Medical,0,0
21,64036,42,64115,11.761979443724318,Rent,Business,0,0
69,168441,28,8370,5.348058449007526,Own,Education,0,0
54,162867,49,18903,21.116196182013798,Mortgage,Personal,0,1
71,90021,1,33499,10.020051593317643,Rent,Medical,0,0
38,127205,8,98904,11.203439739834439,Own,Education,0,0
31,181215,16,23995,22.563256092149327,Mortgage,Business,0,0
48,180497,45,36200,13.42234772345294,Other,Business,0,0
72,108209,35,89377,14.517839915069848,Own,Education,0,0
65,95139,16,71402,23.999456869873267,Other,Business,0,0
35,25368,48,14566,22.39470681233475,Rent,Personal,1,0
24,155693,11,38822,5.897734304434109,Mortgage,Home,0,0
27,78829,19,52222,12.883945688116416,Rent,Business,0,0
24,149036,49,95088,24.339813230856546,Other,Medical,0,0
50,34719,2,91450,10.564424859257862,Other,Business,0,0
40,49227,42,51668,10.546181495872602,Other,Medical,1,0
38,129430,49,64853,6.48569533115055,Mortgage,Business,0,0
36,158638,3,55643,4.62943162473988,Other,Business,1,1
65,32306,16,23333,19.02701018738758,Other,Medical,0,0
78,73822,49,16958,19.71070078013488,Mortgage,Personal,0,0
36,44042,36,53442,24.287298160568998,Other,Home,0,0
53,166158,45,21954,19.788618850823347,Own,Home,0,0
46,168459,41,76174,7.59710736277277,Other,Personal,1,1
77,178114,14,10675,2.922681300635855,Mortgage,Business,0,0
35,109424,32,90590,24.665059840502185,Other,Home,0,0
19,169395,15,32661,9.830365997502932,Mortgage,Personal,0,0
18,38019,10,65289,9.175345475945678,Other,Personal,1,0
64,95426,19,18184,22.836969824235798,Own,Home,1,0
22,60863,37,48963,15.45729766653468,Mortgage,Medical,0,0
37,131023,23,26822,6.942036998530095,Mortgage,Education,0,0
28,161355,15,63303,22.449213582473508,Mortgage,Medical,0,1
59,169351,29,77465,24.847299666259097,Mortgage,Business,0,0
19,66999,33,6267,3.9936069064691067,Other,Medical,0,0
20,82780,0,53647,21.831787450957208,Other,Education,0,0
40,42908,23,63814,10.981861046741061,Own,Education,1,0
72,146278,23,37025,14.053666269654201,Own,Personal,1,1
29,133002,8,78605,23.040767442594557,Other,Business,0,0
37,189024,21,1981,24.387721502827695,Rent,Personal,0,1
22,120706,11,44436,8.029769939402385,Mortgage,Medical,1,0
54,188735,16,19472,6.895567732078017,Other,Medical,0,0
55,142019,24,20336,3.8518808476047726,Own,Home,0,0
47,129708,27,26587,14.921350611229174,Mortgage,Personal,1,0
26,199001,14,78192,2.3129010953653704,Own,Personal,0,0
51,29343,29,93862,11.47366084502854,Rent,Personal,0,0
70,96173,26,85046,3.6878323829961968,Mortgage,Personal,0,0
61,120260,21,54013,11.320193007374682,Rent,Education,0,0
52,190863,9,85511,2.918440353109013,Rent,Home,0,0
69,180206,30,10665,21.209996994001685,Rent,Business,0,0
75,198173,26,28097,6.823996860587015,Other,Business,0,0
39,89443,11,92277,9.551100338231976,Own,Business,1,0
61,77530,45,53474,22.01110392194701,Mortgage,Education,0,0
41,197871,30,72973,19.164119410640716,Other,Home,0,0
34,155899,31,26185,7.037882317767345,Own,Home,0,0
27,116143,31,76911,3.6536866291224093,Other,Education,0,0
47,164771,40,93643,18.46049686767281,Own,Personal,0,1
73,134527,44,31484,10.986158665826515,Mortgage,Medical,0,0
76,156385,34,46610,19.61983997971909,Mortgage,Personal,0,1
63,164670,45,51807,12.24177976462984,Mortgage,Business,0,0
40,131362,20,51907,9.958055498362357,Mortgage,Personal,0,0
49,48807,9,58389,12.37772438888512,Own,Education,0,0
34,196298,15,26835,19.216856670425564,Other,Business,0,0
67,79550,6,96279,22.751066590428604,Mortgage,Medical,0,0
68,23558,3,97453,3.144645521537237,Mortgage,Business,1,0
34,70113,26,54790,14.054565448219968,Mortgage,Personal,1,0
31,72999,24,77960,2.7552148689291847,Rent,Home,0,0
26,187415,30,10643,12.773419535560251,Mortgage,Home,1,0
57,78219,10,76846,22.36150506922871,Mortgage,Home,0,0
19,186258,47,19951,10.316576127667123,Own,Business,1,1
62,188038,19,93104,23.446359684854794,Rent,Home,0,1
42,184841,35,16233,16.503994847964016,Own,Education,0,0
56,73218,16,14200,23.485572907239145,Other,Medical,0,0
26,39229,44,53275,19.41483238448795,Rent,Home,0,0
71,95209,10,88084,4.379008832921532,Own,Education,0,0
39,47877,29,77068,7.316481453941573,Own,Education,0,0
60,117137,34,90001,11.065920455420642,Other,Business,0,0
63,58084,40,22291,5.912458286277749,Other,Business,0,0
21,101780,37,43448,13.382966909863192,Mortgage,Medical,0,0
43,167878,21,31580,12.841467581134284,Mortgage,Medical,0,0
75,57034,42,92685,23.99396155462977,Rent,Personal,1,0
46,191389,47,22346,11.975741306607489,Rent,Medical,0,0
62,75468,26,11619,20.069416498623948,Other,Business,1,0
51,170166,36,2766,23.663942531584038,Rent,Education,1,1
40,30589,45,4549,22.170743112401667,Mortgage,Personal,0,0
54,77221,48,19693,6.799355363766612,Other,Medical,0,0
28,21657,34,63019,13.408687567831517,Own,Education,0,0
23,118300,3,98458,9.998014992806292,Other,Business,1,0
35,137229,15,49328,11.196749988155956,Rent,Home,0,0
38,59531,15,78701,10.298557003652277,Mortgage,Personal,0,0
59,72227,20,90100,21.006261834025096,Mortgage,Education,0,0
53,23164,25,26301,12.399198267816292,Own,Business,1,0
58,113078,35,45763,14.044969641627828,Own,Business,0,0
55,61247,18,21765,24.596289212082716,Other,Personal,1,0
51,170673,16,45787,3.379523260404878,Mortgage,Personal,0,0
34,70599,44,8425,13.223025715187223,Own,Medical,0,0
54,155624,25,13857,19.80341925976067,Own,Medical,0,0
42,160489,21,53771,5.47672503832921,Other,Personal,1,1
55,88207,27,93999,16.0652266761398,Other,Personal,0,0
75,92055,0,23444,7.507689929292735,Mortgage,Education,1,0
29,122266,43,42457,21.950294604165055,Rent,Medical,1,0
40,98270,35,80741,9.523292304201824,Rent,Business,1,0
70,131426,42,1704,9.56844478872092,Mortgage,Medical,0,0
59,154794,36,6452,15.758459205911551,Rent,Medical,0,0
39,90442,1,39862,6.221946886757901,Mortgage,Personal,0,0
38,115632,16,62471,8.552438694770405,Mortgage,Personal,1,0
44,191103,39,70217,11.582532552746464,Own,Medical,1,1
74,41438,37,87058,10.133670852222538,Rent,Home,0,0
48,78819,20,19300,14.072176014128395,Mortgage,Home,0,0
23,63856,8,10566,15.791723313586225,Rent,Medical,0,0
44,184648,12,8501,15.033351436253785,Rent,Home,1,1
57,61938,10,2845,17.04587117581444,Other,Medical,0,0
51,79807,15,40181,9.078238881979866,Rent,Personal,1,0
29,69877,15,58263,4.9078032245656456,Mortgage,Personal,0,0
62,63461,1,79766,19.498573452914773,Own,Personal,0,0
74,113474,41,64038,21.567948800505686,Rent,Business,1,0
70,191541,43,84290,7.911143341115942,Mortgage,Personal,0,0
24,103136,7,35404,11.363114991634454,Other,Personal,0,0
27,40435,42,23564,13.467091990161771,Rent,Medical,1,0
62,165263,41,98898,14.266517383317538,Own,Home,0,0
34,104726,12,58435,17.168273935015993,Rent,Home,1,0
43,178458,16,19227,2.956874367172391,Mortgage,Personal,1,0
38,182793,38,91296,18.593972902882392,Rent,Personal,0,1
45,74786,23,96259,3.4253331605264363,Rent,Personal,0,0
79,33704,2,48475,12.77063705647596,Other,Medical,0,0
75,76635,29,18215,21.036436118091466,Rent,Medical,0,0
63,153195,12,72074,12.377952205403114,Own,Medical,0,0
19,110710,18,22699,5.429064221669698,Rent,Home,1,0
77,82993,6,13454,24.655778435137073,Other,Business,0,0
71,132752,8,49217,22.453565627708056,Mortgage,Home,0,0
60,176488,18,22711,19.74021356417532,Rent,Medical,0,0
18,152886,44,16059,11.46476686668184,Rent,Education,0,1
68,98537,39,49398,6.228451718453849,Other,Business,0,0
70,70258,21,2286,23.652457172625528,Other,Personal,1,0
53,167580,17,35297,14.244075909894198,Other,Home,0,1
68,105166,22,27485,21.604175588912156,Rent,Business,0,0
43,133710,1,60967,9.868185132466792,Own,Education,0,0
46,55699,49,98803,9.711631292827825,Other,Business,0,0
38,66335,49,55583,24.6674310555029,Mortgage,Home,0,0
28,66806,10,52630,14.002160115381546,Rent,Medical,1,0
57,97853,30,28086,5.2359947487971645,Mortgage,Personal,0,0
28,55739,32,17484,7.052517593878271,Mortgage,Medical,0,0
53,54785,13,69623,13.084718426032579,Own,Medical,0,0
66,183052,15,60263,2.9768309412334606,Mortgage,Home,0,0
76,105016,10,19675,12.63828166370091,Other,Medical,0,0
56,152681,32,61664,11.635639367842934,Other,Medical,0,0
57,86253,6,25680,19.9247341023482,Rent,Home,0,0
52,111128,30,18077,10.16366518325256,Own,Home,0,0
71,179213,47,39174,24.598621515410784,Own,Education,0,1
51,181081,45,77968,6.157708143920772,Mortgage,Medical,0,0
72,147581,46,4491,15.592693754267103,Own,Business,0,0
64,130966,13,47126,4.063083831189856,Mortgage,Personal,1,0
41,157854,27,4392,18.878871631861585,Mortgage,Personal,0,1
71,119352,42,63257,24.879334825425346,Own,Home,1,0
39,177005,15,68804,20.840188668287542,Rent,Home,0,1
22,97154,18,39400,14.781181436566929,Mortgage,Education,0,0
73,159379,16,37551,13.149051220192916,Other,Medical,0,0
50,128297,25,29088,21.20568910913748,Other,Home,1,0
75,58346,5,81015,23.52740394834666,Own,Home,0,0
53,132138,42,26465,24.75175009335614,Own,Personal,0,0
64,70772,48,49155,11.120402233983135,Mortgage,Medical,0,0
37,60149,8,88893,24.791101920273782,Mortgage,Education,0,0
36,106700,49,6969,5.586303799998124,Other,Home,0,0
52,178598,16,9981,7.831644846433911,Mortgage,Home,0,0
69,116758,30,22032,4.047370868879613,Other,Home,0,0
60,148447,11,55091,8.249985879143079,Mortgage,Personal,0,0
34,25695,22,25408,19.662563687214256,Rent,Home,0,0
79,59169,4,25241,21.617260238104343,Rent,Home,0,0
76,67947,42,48940,19.91453083735915,Other,Personal,0,0
62,198296,35,83938,16.514512897857013,Rent,Home,0,1
60,65865,35,52105,13.821229788020847,Rent,Medical,0,0
51,176625,2,92302,18.30019865191387,Own,Medical,0,0
26,124501,23,62050,10.989171633146102,Mortgage,Personal,0,0
43,80410,16,4657,21.35009208449314,Own,Medical,0,0
19,123754,38,22230,17.575372161466063,Other,Education,0,0
70,110895,25,19680,18.049508065371395,Own,Home,0,0
26,175888,3,83694,14.32652784196864,Other,Education,0,1
26,70705,44,85731,22.36026663685697,Rent,Medical,0,0
57,135700,11,43340,7.796338874618207,Own,Personal,0,0
34,93914,0,36950,10.766396027304166,Rent,Personal,0,0
18,21881,20,79515,19.88577910258685,Mortgage,Education,1,0
42,190639,18,8867,13.333224610974767,Rent,Medical,0,0
78,67365,20,81691,22.451922308756387,Mortgage,Home,0,0
60,99211,17,79542,9.967184354545603,Rent,Medical,0,0
57,176078,42,5329,10.494593882851829,Own,Medical,0,0
59,61198,2,89087,22.44092315589238,Own,Personal,1,0
42,173903,48,36865,12.680517364186944,Rent,Business,1,0
56,120649,43,67940,13.870865436657196,Other,Home,1,0
52,167531,31,38869,9.653565452720626,Other,Home,1,1
20,183515,9,67905,8.363408670118885,Mortgage,Personal,0,0
67,193388,39,84984,17.086820349283016,Mortgage,Medical,0,1
54,156949,14,90711,4.756335215447689,Rent,Personal,1,1
61,59553,4,67252,22.223270747206914,Own,Medical,0,0
61,155994,3,80386,19.92167214559748,Mortgage,Business,1,1
68,142778,27,2711,6.387210065233464,Rent,Business,0,0
47,137018,3,26801,17.962458753965002,Mortgage,Education,0,0
55,155758,14,88287,15.860557189569601,Own,Medical,1,1
51,52766,16,91709,6.244306166942815,Mortgage,Personal,0,0
29,52006,43,54270,8.283680639155346,Rent,Personal,0,0
36,51422,2,72622,11.40668958587819,Mortgage,Personal,0,0
54,136590,9,56535,18.0825829106459,Other,Education,0,0
61,32205,46,77759,16.690638402791137,Mortgage,Home,1,0
76,174599,41,17220,14.241401496564052,Own,Personal,0,0
76,169515,22,14392,19.673442491622787,Own,Business,0,0
66,167596,17,86587,19.432568010941818,Own,Personal,0,1
78,136477,0,3246,16.210760543431885,Own,Personal,1,0
34,48202,34,21010,20.10077191785098,Rent,Personal,0,0
27,197214,30,69358,9.68805761992181,Mortgage,Home,0,0
74,81692,43,91203,22.26873915141993,Mortgage,Personal,0,0
72,40855,0,18234,16.142931973444636,Mortgage,Home,1,0
66,45095,2,97190,20.914360817685903,Mortgage,Home,1,0
64,189796,2,50451,14.564419410176532,Rent,Education,0,1
29,69241,36,76205,7.024079634739648,Own,Business,0,0
79,123119,18,22784,14.475432959601099,Mortgage,Personal,1,0
33,72003,28,30672,10.535568266861526,Mortgage,Personal,0,0
41,114837,24,2082,18.042477828853173,Own,Personal,1,0
36,114283,32,12148,12.943257209898924,Other,Home,0,0
25,167044,35,28494,21.23059451333682,Other,Medical,0,1
48,143805,28,76093,17.59566778340408,Own,Business,0,0
38,113846,25,52952,17.74452195972045,Mortgage,Personal,1,0
34,42927,3,37719,6.994572670294494,Own,Medical,0,0
40,140589,48,49737,24.63774462929968,Mortgage,Medical,0,1
54,135657,13,60453,21.358529813244242,Mortgage,Medical,0,0
71,86630,49,40536,20.147112344895977,Other,Business,1,0
33,124428,26,51604,9.59495017868063,Other,Medical,0,0
23,142035,32,51833,14.319528015486334,Mortgage,Personal,0,0
25,146244,21,15039,5.153373325709559,Mortgage,Personal,0,0
42,89518,47,68839,14.384947463242238,Mortgage,Education,0,0
35,196355,2,48931,5.355452669115607,Other,Home,0,0
42,101326,22,40925,14.719870411760828,Mortgage,Medical,0,0
29,163277,20,52003,16.92060324356283,Own,Home,0,0
32,140243,40,84817,10.974507246747754,Rent,Home,0,0
76,32748,22,49897,13.466532201619744,Rent,Home,1,0
43,172169,3,88745,22.140027916515475,Mortgage,Home,1,1
58,154164,20,94709,4.496952328164616,Own,Home,0,0
62,73311,36,43287,20.209856538992018,Mortgage,Personal,0,0
43,42692,42,91726,5.927354672912518,Own,Business,0,0
64,144954,30,34012,2.844283604506453,Other,Medical,0,0
49,174934,20,42783,6.268215863136099,Other,Medical,0,0
27,150035,25,86727,19.595993369321263,Mortgage,Personal,0,0
33,99507,40,69315,11.317899686747781,Other,Personal,0,0
24,100152,34,84766,22.067971887462186,Mortgage,Home,0,0
34,24926,37,47491,14.068273447192114,Rent,Business,0,0
40,23969,23,89941,2.511758094305612,Own,Medical,0,0
43,55733,10,59584,18.484413020844315,Own,Education,0,0
38,89855,40,13803,4.5353569005883525,Rent,Personal,0,0
39,61743,28,50625,20.155731569624262,Rent,Education,0,0
75,150193,46,94361,5.86635864551914,Rent,Medical,0,0
24,190948,2,14698,9.945266873526808,Rent,Personal,0,0
31,127445,0,35560,19.509242881383287,Other,Medical,0,0
32,40323,18,16376,23.947321221957697,Own,Personal,0,0
70,36428,45,84654,10.542980864874844,Own,Medical,1,0
24,54578,48,14117,21.07620506457552,Rent,Education,0,0
26,106486,21,57381,6.3882221059442905,Mortgage,Business,0,0
68,84140,13,38956,20.565134714657294,Mortgage,Personal,1,0
65,127325,48,49786,17.122363362893772,Mortgage,Education,0,0
25,103829,13,88778,6.433100665884474,Mortgage,Medical,0,0
67,26364,43,67480,8.957591088082467,Other,Education,0,0
76,148867,15,32695,5.030730437731828,Own,Personal,0,0
40,186421,32,2511,10.808241254479206,Own,Education,0,0
46,151763,12,54233,6.68391874583538,Own,Medical,0,0
35,115598,37,23502,16.81195293350089,Mortgage,Home,0,0
48,196968,48,51010,24.87361739707285,Rent,Business,0,1
47,77062,11,91341,2.276210750938075,Mortgage,Business,0,0
69,164933,37,93529,14.44115570560787,Own,Home,1,0
56,108302,38,74905,15.194331743627224,Mortgage,Personal,1,0
52,83928,32,47489,23.026802162658672,Rent,Education,0,0
35,61347,32,84533,13.638122699639563,Rent,Education,0,0
76,23121,28,82165,14.505132651833101,Mortgage,Home,0,0
59,103793,4,32949,12.848014430552938,Own,Home,0,0
56,48164,5,69376,8.184799004914073,Other,Medical,0,0
34,45491,30,80587,3.2886700647250144,Own,Medical,0,0
31,79222,15,94059,11.39912669082623,Other,Business,1,0
48,174237,30,68310,3.2096038385356063,Own,Personal,0,1
41,23748,24,79798,14.661326797716109,Mortgage,Personal,0,0
52,46553,47,70407,9.067753794572742,Other,Home,0,0
61,136547,45,74809,14.27285523508484,Own,Business,0,0
77,80380,32,18229,5.0888301810892935,Mortgage,Business,0,1
62,64331,12,28385,23.450489212005273,Own,Medical,1,0
51,140617,9,43176,22.5739886016485,Rent,Education,0,1
20,59560,23,95825,6.3699197116525434,Rent,Personal,1,0
54,73865,9,4260,9.899218515762227,Own,Business,0,0
60,197758,40,98555,16.11033375259553,Mortgage,Medical,0,1
57,95910,30,4145,4.200782768035844,Own,Medical,0,0
43,155747,12,98289,10.155059885671468,Mortgage,Medical,0,0
72,97986,2,8802,7.775582596837141,Other,Education,0,0
40,30068,49,3263,23.056884760484024,Rent,Business,0,0
61,74460,33,27913,21.60774463465172,Other,Home,0,0
56,120766,48,58788,15.336153049137867,Mortgage,Home,1,0
32,66418,27,9155,13.967965748046206,Own,Medical,0,0
73,46206,18,1922,23.406693274544136,Rent,Medical,0,0
66,148180,22,73231,23.445839008512753,Mortgage,Education,0,0
21,20287,44,21672,24.29459288308819,Mortgage,Medical,0,0
46,42337,31,39526,4.883714334488316,Rent,Business,0,0
39,171738,12,46344,5.692829647552915,Own,Medical,0,0
42,152233,32,20014,17.56494406963739,Rent,Medical,0,1
30,120667,33,74352,14.452992962026432,Own,Business,0,0
35,110071,32,92279,2.4247158125444273,Own,Personal,1,0
50,118064,4,41324,3.4254258277589456,Mortgage,Home,0,0
33,189823,2,95075,22.425848791952518,Own,Medical,0,0
62,126511,6,96638,21.984028297405885,Own,Business,0,0
59,165830,23,39698,10.217231205909039,Rent,Home,0,0
61,23178,21,78169,22.494164189402298,Rent,Education,0,0
79,51831,44,24384,15.65452671115174,Own,Personal,0,0
19,153248,22,4512,20.535829881434744,Mortgage,Medical,0,1
72,123306,29,7066,11.830914636684929,Rent,Personal,0,0
52,184726,17,32500,4.608161528932901,Other,Medical,0,0
59,177699,31,79743,11.975722440858373,Mortgage,Medical,0,0
51,132025,6,86642,12.517895353928651,Rent,Medical,0,0
47,195982,32,80858,14.671716458333869,Rent,Personal,0,0
76,110417,4,55800,4.428402396801844,Other,Education,1,0
72,186494,48,64140,24.802242850141063,Own,Business,0,0
30,31984,27,85954,7.615146878558846,Rent,Business,0,0
30,109312,7,3387,6.566705281353137,Other,Education,1,1
35,103291,14,57160,14.116467133686541,Other,Education,1,0
49,27135,3,60241,14.35578812608244,Rent,Medical,0,0
49,20320,33,74567,12.115876970164619,Mortgage,Medical,0,0
52,172756,4,2799,19.75351936548085,Rent,Business,1,0
76,108774,32,36548,13.883051216757861,Other,Medical,0,0
56,172961,4,34895,16.022995468334635,Rent,Medical,0,0
63,118071,37,91450,18.64616686437907,Mortgage,Education,1,0
69,199971,33,81171,2.5755773359689322,Own,Personal,0,0
46,161842,25,41379,15.12481619853603,Own,Home,0,0
79,190393,0,46414,22.336472838252494,Rent,Home,0,1
66,129863,3,74071,2.39994108728498,Rent,Medical,1,0
46,61777,38,69344,11.319188387422106,Other,Medical,0,0
79,66250,25,79591,23.303231354734088,Mortgage,Home,0,0
70,93034,32,94141,10.12255125249837,Other,Education,0,0
61,124940,32,93201,12.55076295660554,Other,Home,0,0
74,60130,7,99303,24.575452040019194,Own,Home,1,0
33,153609,19,5297,6.584448755863198,Other,Home,0,0
73,35216,15,87479,3.5008693498751366,Other,Medical,0,0
61,104149,20,99752,21.76671958981,Own,Medical,1,0
64,23009,44,6008,21.974702847884476,Own,Home,0,0
74,109904,25,87813,12.857790197640304,Mortgage,Medical,0,0
27,180399,22,17820,13.826765012977583,Mortgage,Home,0,1
47,165281,17,72548,21.22354650121023,Mortgage,Education,1,1
42,199515,30,23253,18.986868456663288,Rent,Medical,0,1
56,35029,41,30202,8.098427050991244,Own,Personal,0,0
37,122171,11,30236,2.3885471666449245,Rent,Medical,0,0
22,134456,0,68156,13.033103738271553,Rent,Education,0,0
18,82559,41,61263,21.754983500199753,Mortgage,Education,0,0
47,84892,8,75855,22.60419756387373,Own,Medical,1,0
66,90409,2,17575,23.99320253275154,Rent,Business,0,0
20,159707,25,13204,22.229954465093968,Other,Home,0,0
62,53065,8,12952,15.341001771856263,Other,Home,0,0
31,140544,41,84323,12.22592878243032,Own,Education,0,0
73,127340,15,52142,19.82154647028428,Rent,Medical,0,0
47,53783,23,34872,19.01589759040872,Mortgage,Business,1,0
67,54152,49,30376,14.377298891873451,Rent,Personal,0,0
21,78741,13,67084,4.008529568844789,Other,Home,0,0
35,127049,2,12640,23.299870976099132,Other,Business,0,0
79,49092,33,27437,12.47885836253823,Mortgage,Home,1,0
54,168725,32,88681,10.35667698407408,Own,Medical,0,0
42,191541,49,8903,16.480050088881747,Rent,Home,1,1
65,106483,23,84704,17.498273106840468,Other,Personal,1,0
18,141585,8,27863,6.845822091696933,Rent,Medical,1,1
70,79754,12,44381,21.24959343062899,Mortgage,Education,1,0
63,181050,1,29548,8.66855315423469,Mortgage,Business,0,0
32,107592,6,50956,6.293730296029285,Own,Home,1,0
26,114543,47,75526,11.347196615653441,Mortgage,Medical,0,0
32,63169,20,12467,18.8028818606417,Own,Medical,1,0
66,199359,18,58954,24.20553810411548,Rent,Home,0,1
74,74745,24,24901,20.613469080542963,Other,Education,0,0
41,130168,46,56983,23.62801268641441,Other,Home,0,1
21,133985,21,24301,5.233933493760116,Own,Education,1,0
29,25543,10,86180,3.637066373864566,Other,Home,0,0
76,41067,32,70903,14.827209523853437,Own,Medical,0,0
75,71033,31,17204,8.67684211001279,Own,Personal,1,0
54,65256,20,20755,21.045264378293275,Rent,Personal,0,0
78,173263,38,60817,17.4557210422535,Rent,Medical,0,1
54,106803,19,3093,24.326747771673272,Mortgage,Personal,0,0
60,138843,7,70537,7.860224181819997,Own,Education,0,0
77,48992,41,97319,13.173034630170346,Rent,Medical,0,0
23,68803,36,23940,13.528530980783126,Own,Education,1,0
56,129975,8,74346,7.501066281719653,Own,Medical,0,0
73,164282,24,45040,15.572148188224178,Own,Education,0,0
63,46270,24,38322,12.19557767982251,Rent,Education,0,0
41,156269,32,92544,12.274595787767094,Own,Personal,1,0
28,27452,1,85437,10.342942903367124,Own,Medical,0,0
79,61486,18,93969,2.3893751057873063,Mortgage,Home,0,0
30,34859,45,88725,14.008190449040146,Own,Personal,0,0
51,178308,19,95266,9.710700221107615,Mortgage,Education,1,1
42,182971,41,10236,2.0303569866395828,Own,Education,1,0
24,52083,40,73597,9.082705276224436,Mortgage,Home,0,0
69,87708,41,85124,8.408451661064412,Rent,Home,0,0
21,131462,28,4902,11.049307524143623,Rent,Education,0,0
76,167735,5,35364,5.03259576179813,Other,Home,0,0
25,113076,16,99983,13.676727966606942,Own,Business,0,0
37,39053,24,95410,17.926128107916988,Other,Personal,0,0
46,162157,37,21096,16.49426808825517,Other,Medical,0,0
71,181636,3,13020,20.486363794091385,Mortgage,Home,1,1
70,109745,29,59473,12.396190623702866,Rent,Home,0,0
68,89517,19,45153,13.93910979781375,Own,Business,0,0
62,172225,2,42277,20.639244639756615,Own,Medical,0,0
63,156319,22,88221,11.837126928842487,Mortgage,Business,0,1
27,161625,17,39502,18.13678504769073,Other,Medical,0,0
60,171883,25,16675,11.995854480513813,Mortgage,Personal,0,0
51,157207,35,25365,11.60793247376594,Other,Home,0,0
74,156645,7,88812,19.484729364170686,Own,Personal,1,1
43,99267,16,79229,6.021249055722857,Mortgage,Medical,1,0
58,158261,30,90049,9.787477354656193,Other,Home,0,0
66,100077,36,53148,7.15596236517874,Mortgage,Business,1,0
75,194718,44,90157,10.259528688254735,Rent,Education,0,0
20,96623,32,90247,7.298620914418553,Mortgage,Business,0,0
73,151004,26,94321,15.326329514993057,Own,Education,0,0
23,73687,44,69078,20.35792846021044,Mortgage,Business,0,0
22,88312,3,83598,20.092100408011742,Own,Medical,1,0
22,127615,21,71902,10.383522184622226,Own,Personal,0,0
71,150976,25,27465,24.74148933556802,Mortgage,Education,0,0
64,47564,31,33286,15.658650388233418,Mortgage,Medical,0,0
40,48835,23,55795,11.18620694090078,Mortgage,Personal,1,0
66,27697,45,41178,21.217403422552785,Rent,Personal,1,0
26,100165,34,80183,18.78710229078074,Rent,Home,0,0
52,168118,36,50986,19.233332746954403,Other,Home,0,0
37,77823,31,44201,6.5112050438790465,Mortgage,Home,0,0
75,29615,6,44315,12.771459069476768,Other,Education,0,1
66,156132,32,76396,21.822047008965864,Other,Education,0,1
78,150499,30,56178,13.592874175461418,Own,Personal,0,1
76,96436,11,11745,17.719413098684157,Other,Education,0,0
59,140562,10,73354,15.522475859788084,Mortgage,Personal,0,0
52,91117,23,80637,21.37420611752279,Rent,Medical,0,0
67,54782,7,6028,8.544899314516861,Other,Business,0,0
35,98533,31,99261,15.235931391386393,Other,Personal,1,0
79,92684,37,49566,4.834397364225492,Rent,Personal,0,0
34,99558,21,44722,17.874847864087762,Other,Medical,0,0
41,101422,33,87623,18.835260282112376,Mortgage,Home,0,0
20,176328,18,75974,2.9852583873469634,Other,Home,0,0
49,181077,19,84692,17.543192163443656,Own,Home,0,0
52,26638,13,85084,11.537873545813087,Other,Personal,1,0
55,57419,32,40879,4.854228150522694,Own,Personal,0,0
30,53377,9,25767,11.657873597064755,Rent,Education,0,0
73,126244,15,69099,6.4673573829983795,Rent,Education,0,0
78,194188,3,49657,11.55786923883628,Other,Business,0,0
64,187706,26,9498,10.839797643046136,Other,Business,1,1
42,43382,27,74667,18.983007649529323,Rent,Education,0,0
26,173466,42,26107,19.806957837826253,Own,Personal,1,0
21,87789,15,29793,15.961659050844574,Rent,Medical,1,0
31,130634,32,3696,2.5217973701962935,Rent,Education,0,0
54,151936,47,54839,23.413512418632862,Own,Personal,0,0
51,119572,18,90241,17.783365442218297,Rent,Education,0,0
28,191294,20,24397,2.7864953481873433,Other,Home,1,1
58,164738,21,8704,20.83315668192471,Other,Education,0,1
73,143664,8,17442,6.6061215585139115,Rent,Home,0,1
20,172027,8,64788,15.322087360135455,Other,Personal,0,1
76,130674,8,10765,12.732590508854305,Mortgage,Home,0,0
45,123533,26,11002,11.656291994166763,Rent,Education,1,0
46,101845,16,12390,22.463415562861144,Mortgage,Home,0,0
26,89590,43,45436,12.059309705940139,Rent,Medical,0,0
20,147775,44,85482,3.732914704182467,Rent,Home,0,1
42,86471,7,7641,23.77269072594391,Mortgage,Home,0,0
51,63298,15,34709,23.172310318511435,Rent,Business,0,0
29,68924,17,40309,17.741951860376773,Other,Medical,0,0
59,167781,32,16624,12.761528147036575,Mortgage,Personal,0,0
26,29726,0,10966,4.135767877700989,Rent,Home,0,0
32,60542,11,90350,20.187206727281954,Other,Medical,0,0
57,171317,5,35189,3.735992031752666,Mortgage,Personal,0,0
42,54753,40,72301,3.57782265258835,Mortgage,Medical,1,0
22,99788,4,96758,14.359828376105467,Other,Business,1,0
28,41316,15,18223,5.682949524246725,Rent,Personal,0,0
76,104698,17,79183,2.1777961488280266,Rent,Personal,0,0
51,35960,48,5959,11.731608912903084,Mortgage,Home,1,0
41,50791,17,28257,5.155996327031517,Own,Education,0,0
77,45216,0,98520,5.691854551455899,Rent,Personal,1,0
32,183539,18,51802,3.768944690912697,Rent,Personal,1,1
55,84427,7,88748,6.717156335643029,Other,Business,0,0
25,132470,2,28215,18.456136134810954,Own,Business,0,0
76,93290,24,56046,20.6053280660092,Own,Business,0,0
22,67014,4,95593,12.408273812673915,Mortgage,Home,0,0
65,155150,39,35094,13.650737765272607,Other,Personal,1,1
43,70519,18,39669,2.7510657956666598,Other,Business,1,0
35,24042,17,37126,3.594274011540288,Rent,Business,0,0
23,69052,49,80036,7.924057689938889,Mortgage,Medical,0,0
54,34389,30,17772,14.509663676402393,Rent,Medical,0,0
77,115961,32,49586,19.00967642090484,Own,Business,0,0
65,88111,46,52943,15.91507041077476,Other,Home,0,0
30,125058,17,69868,11.01894066469613,Mortgage,Education,1,0
45,113715,38,50855,4.721453679072178,Rent,Medical,0,0
22,70733,15,23218,19.957784402405355,Rent,Medical,0,0
30,54754,15,82008,10.367079186778312,Own,Personal,0,0
34,169696,46,58205,18.92924233310416,Other,Personal,0,0
67,105886,37,5959,13.798513364029862,Own,Business,0,0
57,177753,40,83979,18.98922723192198,Rent,Personal,0,0
62,109524,6,46134,22.867659913409152,Other,Personal,0,0
49,101006,13,26874,23.183678869237447,Other,Education,1,0
79,44704,42,2301,14.30745594001388,Own,Home,0,0
46,114913,47,59017,13.764692389609692,Other,Business,0,0
68,114108,24,44319,8.110604706565256,Own,Education,1,0
75,27493,31,90616,23.5233961251737,Other,Business,1,0
20,89639,37,87219,12.53214084559128,Other,Home,0,0
73,74383,21,96192,4.934598503609674,Mortgage,Business,0,0
57,154066,15,23455,11.952213036410647,Other,Personal,1,1
51,67234,28,5112,4.922224755474091,Rent,Home,0,0
57,198363,15,58033,13.558228737912726,Mortgage,Education,0,0
44,148674,11,59360,14.90933684169288,Own,Education,0,0
30,25594,16,83418,9.768382514352464,Rent,Medical,0,0
62,27371,36,33145,3.647964127324147,Own,Education,0,0
50,67315,26,33735,23.7005813195645,Own,Medical,0,0
23,147251,24,73781,19.78712161011888,Rent,Personal,1,1
41,99526,12,68641,21.294264851617783,Own,Education,1,0
36,167698,7,22711,10.437973068583277,Mortgage,Home,1,1
33,106005,4,6630,19.499113690447363,Rent,Medical,0,0
57,125573,11,66488,13.163576588891468,Own,Education,0,0
45,158202,40,4206,6.624920233339057,Own,Personal,1,0
50,157900,2,57289,4.8617376688659055,Other,Home,0,0
76,77514,34,19953,9.936169994407308,Other,Home,0,0
76,168955,32,11068,5.163698563928213,Own,Personal,0,0
65,194131,21,79930,24.960186452693577,Rent,Education,0,0
58,194004,49,56916,3.131346775336507,Mortgage,Business,0,0
30,95986,43,2067,12.14630278548876,Own,Education,0,0
60,105959,8,51658,12.398151014978835,Own,Medical,1,0
62,22035,40,53165,8.914534357378537,Own,Medical,0,0
42,129767,17,81781,15.141086011259743,Other,Education,1,0
70,191817,49,10859,5.449471555485528,Rent,Medical,1,1
59,37241,28,30164,20.029984753506376,Own,Business,0,0
53,72975,38,81913,9.64629751969568,Other,Business,0,0
44,174226,26,21773,15.60087956536876,Own,Home,0,0
55,176697,35,58295,18.459702429540066,Own,Medical,0,0
77,196022,44,34939,22.447968706873706,Rent,Education,0,1
24,76396,16,49599,21.223111038400603,Other,Home,0,0
22,138920,33,7114,15.99110764638187,Mortgage,Business,0,0
60,164403,45,99475,10.9330431488294,Rent,Home,0,0
62,106226,2,13818,13.57370741172417,Mortgage,Personal,0,0
75,104719,4,10335,19.680900247712458,Other,Medical,0,1
74,83014,13,56008,22.18354747886788,Other,Education,0,0
68,59346,2,72745,4.386984348063453,Mortgage,Business,0,0
48,90411,22,44148,10.85169403734023,Other,Home,0,0
40,163326,38,4577,19.85068176351051,Rent,Education,1,1
59,179693,29,74916,11.927990539661103,Own,Medical,0,1
27,96441,49,5076,9.641238573524529,Mortgage,Education,0,0
49,66121,44,33925,11.4604220269352,Own,Medical,0,0
60,80197,22,52869,15.865429176086069,Mortgage,Medical,0,0
70,104577,26,60314,24.995518315077433,Own,Medical,0,0
47,114634,9,42205,13.33882586940423,Own,Home,0,0
56,193503,24,12095,6.795372923947992,Rent,Medical,1,1
48,120211,12,85715,5.745471231419179,Own,Education,0,0
35,155909,15,57680,2.9740441919575287,Mortgage,Personal,0,0
53,163687,40,29400,14.852796403121394,Own,Education,0,0
19,21466,33,85297,14.525158104243188,Other,Home,0,0
31,50771,36,68346,6.720380315947111,Own,Medical,1,0
30,103886,21,88110,17.99257634840904,Own,Personal,0,0
46,85911,16,29562,19.045461957482658,Other,Home,1,0
29,171818,22,41663,7.959258723788559,Other,Business,0,1
56,108422,35,19510,9.91429457268394,Mortgage,Business,0,0
19,93369,48,62608,24.780848463986903,Other,Business,0,0
49,21893,8,73489,10.608082760566887,Other,Personal,0,0
30,50573,1,53182,19.498438450390342,Mortgage,Education,1,0
63,116907,31,88667,12.412684812488619,Mortgage,Personal,0,0
44,191946,49,27883,20.246931040802448,Own,Personal,0,0
66,119956,21,72427,19.6875344920009,Rent,Personal,1,1
58,138580,42,36844,17.358388579566316,Mortgage,Business,0,0
34,184439,12,19728,21.659901964798323,Other,Education,0,0
57,172271,7,99923,23.60202538218676,Own,Personal,0,1
48,111404,0,12094,15.33961637039793,Other,Education,0,0
51,77724,16,3407,7.461784866123152,Mortgage,Medical,0,0
77,106133,11,56412,11.168466117813725,Rent,Personal,0,0
41,187477,3,13644,19.441031410805746,Own,Personal,1,1
62,35989,12,86834,16.970320157849,Mortgage,Personal,0,0
52,48931,30,61746,6.089361787000721,Mortgage,Medical,1,1
65,29290,40,53748,3.178509446367768,Other,Medical,0,0
23,189439,6,60021,17.708116651467492,Rent,Business,0,0
36,141136,22,63651,7.774817552674943,Mortgage,Home,0,0
47,99878,23,37807,13.49241560576823,Other,Education,1,0
24,110477,4,35072,19.175175767789668,Own,Home,0,0
27,146299,4,39398,14.941335955095662,Other,Personal,0,0
58,181205,16,29669,3.915959411571317,Own,Personal,0,0
49,125686,29,31161,6.268345446021774,Other,Business,1,0
51,178124,8,8282,7.04454823271114,Rent,Home,1,1
45,127286,5,27539,7.930877833831432,Other,Personal,0,0
77,60475,24,4307,15.004278014861598,Rent,Home,0,0
32,102666,18,18745,13.59121293598405,Rent,Business,0,0
47,116622,15,40433,6.672680882376805,Own,Home,1,0
54,155705,20,35555,3.553761399480803,Other,Education,0,1
46,168376,1,2073,5.9429407029185155,Other,Business,0,0
39,127573,9,33683,24.640770190227876,Other,Home,1,0
21,66546,15,26741,12.776579845203862,Rent,Personal,0,0
37,27008,36,23286,21.948946608148585,Mortgage,Medical,0,0
49,68291,14,4599,21.521306733383398,Other,Medical,0,0
53,178477,12,28293,13.764949821646095,Other,Business,0,0
67,56386,12,16389,18.2538172945925,Mortgage,Medical,0,0
21,110909,31,13318,6.433296239492383,Own,Education,0,0
44,171899,44,49875,17.83312421331889,Other,Business,0,0
34,53040,46,4055,8.26484532305566,Mortgage,Personal,0,0
29,80354,45,83579,21.137428225345467,Other,Personal,0,0
39,98543,7,7320,3.925655061504928,Rent,Business,1,0
34,38157,42,5642,19.78218947636138,Mortgage,Medical,0,0
27,55315,17,93694,4.298548851078249,Rent,Medical,0,0
71,55932,35,10321,22.267352448569106,Mortgage,Personal,0,0
18,172236,25,80968,8.996703917105085,Own,Education,0,0
39,165486,9,89293,17.051047391103218,Rent,Medical,1,1
43,165399,30,60618,13.212552408266436,Other,Education,0,0
73,133880,32,27044,10.424972341033797,Mortgage,Medical,0,0
76,152018,28,22971,16.84516216322042,Other,Business,1,1
35,34693,4,26727,23.79302855267847,Own,Home,0,0
67,47241,12,23559,2.9492041896163026,Mortgage,Personal,0,0
31,135194,0,74820,23.133615685311398,Own,Business,1,0
64,115790,22,84201,16.00887806548331,Mortgage,Medical,0,0
46,166612,39,28476,20.568228917688202,Rent,Personal,0,1
29,92255,2,63683,10.829123928988384,Other,Home,0,0
53,192275,2,11991,12.852388421265116,Rent,Home,1,1
76,176153,6,86097,21.983567291426773,Rent,Medical,0,1
52,31350,35,71047,11.54150330562593,Rent,Personal,0,0
69,76809,34,11796,14.297170035228955,Rent,Medical,1,0
78,121894,14,4881,2.4644832309396567,Mortgage,Home,0,0
29,117557,39,16668,5.647754134274972,Other,Business,0,0
24,193904,2,35312,16.758789683420396,Mortgage,Business,0,0
46,179441,28,29106,18.490468724469174,Mortgage,Education,0,0
28,51728,29,93758,15.399821546043487,Mortgage,Home,0,0
50,37576,38,16729,5.296130834339046,Rent,Home,1,0
23,180073,17,71320,12.2443248572902,Own,Medical,0,0
64,103384,10,55913,10.167179626353366,Rent,Education,0,0
32,20390,42,58026,13.400210912807031,Mortgage,Education,0,0
49,65436,48,60402,22.017567794744167,Rent,Personal,0,0
68,31569,37,38282,19.844813089148992,Other,Medical,0,0
28,164101,39,75638,3.931758531950656,Other,Business,0,0
75,42490,0,39218,22.477111548814978,Rent,Personal,0,0
40,65875,28,18950,12.850644476445943,Rent,Education,1,0
43,25867,9,60739,19.108829332377965,Own,Business,0,0
51,100820,27,5507,5.220902319080099,Rent,Home,0,0
63,119515,30,47303,17.426549091262103,Rent,Medical,0,0
51,29121,18,80059,7.435498405017532,Own,Education,1,0
46,21539,2,25667,12.082760634241426,Rent,Home,1,0
21,168099,35,4992,2.3878460118884015,Rent,Education,0,1
34,147402,42,74563,5.487044672400948,Rent,Business,0,0
52,94229,14,88680,4.117851341843254,Rent,Personal,0,0
30,159993,32,26530,7.514115977579944,Rent,Business,0,1
58,70435,40,16305,4.300416070559413,Mortgage,Medical,1,0
56,161382,42,53129,17.913930612249924,Rent,Medical,0,0
32,83965,44,88267,2.6679177508120455,Own,Education,0,0
72,131048,25,87209,16.20803151437495,Rent,Business,0,0
46,116444,15,99833,5.236280108988208,Mortgage,Personal,0,0
46,89922,35,53044,23.73871351509163,Own,Medical,0,0
28,117799,32,92378,23.46116368152665,Own,Personal,0,0
69,113948,19,90363,7.186571357982141,Rent,Home,0,0
49,163314,12,59817,16.13168985912968,Other,Education,0,0
19,28947,32,47666,2.644122347866544,Mortgage,Personal,0,0
64,68785,4,27173,23.431136490177003,Other,Education,0,0
31,139963,36,19909,14.028708088409322,Rent,Home,0,1
37,20507,13,64967,2.994132482608917,Mortgage,Personal,0,0
39,178223,26,32007,9.87749983918716,Other,Personal,1,1
28,31618,22,13985,3.7675376228083866,Mortgage,Home,1,0
44,94286,13,23525,11.037722105587278,Rent,Business,0,0
20,36122,39,38403,17.408305869710432,Mortgage,Personal,0,0
34,158426,3,38193,12.80746788495311,Rent,Personal,0,1
79,129598,38,4830,10.825610018547453,Other,Medical,0,0
61,182051,18,57144,4.740612047430691,Mortgage,Business,0,1
73,106436,46,1533,7.633598050954095,Own,Personal,0,0
45,156109,3,21946,4.3032956179820765,Rent,Home,0,0
46,48633,29,24504,20.572470828103196,Mortgage,Education,1,0
38,44495,18,56715,5.1105160436486194,Own,Home,1,0
64,84550,30,29255,15.69358743062455,Own,Business,0,0
33,56483,30,57441,9.883029512543455,Own,Medical,0,0
54,133181,8,37855,7.19750284706922,Own,Medical,0,0
76,54069,12,42721,16.707774108318386,Rent,Medical,0,0
37,158442,13,42850,12.511053115669634,Mortgage,Home,1,1
23,139873,45,35723,11.20334574754486,Own,Education,1,0
36,136843,9,36739,15.635596112521096,Mortgage,Education,0,0
74,91947,47,6539,13.299155455270016,Mortgage,Personal,0,0
22,190205,30,74029,8.980136796685898,Other,Education,0,0
20,115761,36,65509,14.858409618600788,Mortgage,Education,1,0
76,133753,22,22311,17.398467260665974,Rent,Personal,0,0
18,151764,26,70180,2.6139426474976486,Rent,Home,0,1
75,48926,5,86981,12.715049764876534,Own,Home,0,0
77,119782,25,36934,3.3267155454215067,Mortgage,Business,0,0
55,124700,1,10511,6.2873245235665545,Rent,Home,1,0
32,93984,44,1183,14.89170088379338,Rent,Medical,0,0
51,194462,12,10475,21.92234505110836,Rent,Medical,0,1
78,69593,49,85766,22.30453062133515,Own,Business,0,0
52,95609,18,64130,3.6087122331885193,Rent,Education,1,0
66,25209,0,60577,11.639416984594252,Mortgage,Business,1,0
42,146700,39,27008,15.409149109104678,Rent,Personal,1,1
41,157605,31,77868,5.382607804657899,Rent,Business,0,1
29,106597,21,48941,19.604940985129748,Own,Business,1,0
35,27211,47,43756,19.11741094405649,Mortgage,Medical,0,0
32,29927,28,71258,22.776843315256276,Rent,Personal,0,0
61,137333,1,81730,2.1951782779191893,Mortgage,Personal,0,0
33,175666,39,93167,6.9837376117470615,Mortgage,Business,0,0
44,96382,37,28912,21.0252944276424,Rent,Personal,0,0
25,159005,47,83702,17.423341169019515,Own,Personal,1,1
77,123780,10,51659,22.57096663506529,Mortgage,Home,0,0
63,60696,16,47840,3.31513205419613,Other,Personal,0,0
42,87616,42,82512,15.730171211478185,Rent,Education,0,0
34,157161,7,39623,15.088071222554506,Mortgage,Personal,0,1
46,177195,21,64303,2.8205115762922444,Mortgage,Medical,0,1
70,158869,3,47062,13.811007768987121,Mortgage,Home,0,1
25,70013,10,57690,16.018967160128256,Rent,Medical,1,0
32,159418,7,78582,6.399743006648467,Other,Medical,0,0
44,184744,8,99980,8.286580411867249,Mortgage,Education,1,1
63,168725,25,24634,16.727988964847953,Mortgage,Home,1,1
67,69556,1,5090,12.770921794799042,Own,Business,0,0
69,143723,15,46266,21.734314124071517,Rent,Personal,0,0
24,46140,30,31008,9.874780618211332,Rent,Education,0,0
20,21184,5,88643,8.133172142928625,Mortgage,Education,0,0
46,185565,20,59704,24.651916627931385,Own,Business,1,1
61,195220,25,63866,22.956122712991917,Mortgage,Education,1,0
70,175918,18,9382,2.6668331349765366,Mortgage,Business,0,0
41,131361,27,48774,19.726758152051016,Rent,Business,1,0
77,173267,7,75570,4.537699797979668,Own,Business,0,0
75,25606,13,75062,2.632159481075532,Mortgage,Education,1,0
20,155028,23,90609,8.294996867226025,Rent,Business,0,1
37,36555,47,47698,8.194955218405399,Mortgage,Education,1,0
63,110385,43,2110,20.84433153398019,Mortgage,Home,0,0
32,169762,36,82981,18.34534665668521,Own,Business,0,0
42,78502,25,1386,24.577016828636328,Own,Education,0,0
47,199921,30,59513,18.364796707171823,Own,Education,0,0
31,177419,31,85120,11.619877724889102,Mortgage,Education,0,0
24,123844,49,48801,18.075336201739987,Other,Personal,1,0
34,111321,40,97085,24.98755854528725,Own,Personal,0,1
79,69056,1,72857,18.333263298938146,Other,Business,0,0
61,118234,24,90976,19.51867118754732,Other,Home,1,0
37,61850,43,32566,23.582395349375965,Other,Business,1,0
53,47843,1,33521,4.613979010168717,Rent,Medical,0,0
26,82320,41,24798,18.210038749297716,Mortgage,Medical,1,0
55,49793,0,14565,21.568537033251324,Own,Home,0,0
65,190588,35,24027,23.95070780508054,Mortgage,Home,0,0
74,168929,11,98631,6.852293663369085,Mortgage,Home,0,0
77,39627,8,6631,13.590367177657617,Rent,Personal,0,0
39,81822,35,90865,17.652761495823082,Rent,Personal,0,0
71,75798,40,57878,7.691757778530761,Rent,Medical,0,0
70,195188,27,46206,15.810875854756302,Mortgage,Home,0,1
70,95318,37,59582,7.9243119974539855,Other,Education,1,0
19,124186,32,59334,9.669511472227887,Mortgage,Medical,0,0
41,107902,41,73323,12.154930019749896,Rent,Home,1,0
25,179629,45,54619,14.171372271171041,Mortgage,Education,0,1
28,91334,21,27875,12.335415047378465,Rent,Home,1,0
30,126719,24,25514,13.343496955122372,Rent,Business,0,0
34,143099,17,23580,8.86754139463073,Own,Education,1,0
25,193686,5,86827,5.656197162520503,Other,Business,0,0
38,32720,17,5288,3.089049478517307,Rent,Personal,0,0
35,77608,15,7734,6.507510617308357,Own,Medical,0,0
47,127449,14,84000,15.38470375463301,Other,Home,0,0
35,122828,47,40008,20.080655299472046,Rent,Medical,0,0
63,146613,7,50349,5.892694741186574,Other,Home,0,0
64,92095,12,8814,4.496773228770914,Other,Business,0,0
48,125924,42,44154,19.233678292632757,Mortgage,Education,0,0
55,116452,6,8851,9.018641602357663,Own,Education,0,0
49,107593,16,2600,23.884487102229105,Other,Home,0,0
28,186964,49,57614,18.42931332403858,Mortgage,Business,0,1
62,126975,31,73402,9.51538908658971,Other,Home,0,0
42,97242,21,4692,8.659483199255213,Mortgage,Home,0,0
50,136041,12,59027,14.045062884240108,Rent,Home,1,1
77,146202,46,21373,3.8203273703988168,Rent,Education,0,0
55,97606,22,99636,4.706559790841877,Mortgage,Home,1,0
58,143769,28,63805,6.044731270272428,Rent,Education,0,0
25,138542,21,81383,19.818642646004886,Rent,Personal,1,1
28,126438,0,15507,13.818719263189816,Rent,Business,0,0
39,20924,28,63931,2.2430438238121875,Other,Personal,0,0
68,71322,47,76499,17.490880131858507,Mortgage,Home,0,0
41,177550,4,72642,11.744874109191432,Own,Education,1,1
58,91042,34,73869,13.749604394167353,Own,Business,0,0
34,66418,9,98449,6.924673598497518,Mortgage,Medical,0,0
29,120699,18,97819,14.690991253064384,Other,Business,0,0
74,110140,36,40423,24.520524514284237,Rent,Business,0,1
63,31781,6,96351,3.6892278931325135,Rent,Home,0,0
49,156587,45,87120,8.530100192281905,Other,Personal,0,1
32,137358,34,91918,7.588944635799085,Own,Personal,0,0
33,56133,44,67600,7.71663414727713,Mortgage,Medical,1,0
71,117628,12,42848,10.710246224003678,Mortgage,Home,1,0
39,96946,9,7820,20.816525049115853,Other,Business,0,0
45,105058,1,9512,22.99574986918091,Rent,Personal,0,0
37,160167,5,37725,6.6509470115563865,Rent,Personal,0,0
50,171542,7,52534,14.487848572806593,Rent,Education,0,1
27,63129,35,86151,16.648676359806046,Mortgage,Business,0,0
57,28531,24,40776,14.002031910368434,Own,Home,0,0
49,57038,43,61945,11.98375706652915,Mortgage,Personal,1,0
67,107939,46,84420,6.41543663476247,Other,Home,1,0
77,62674,39,48455,13.229045261582487,Mortgage,Business,0,1
50,147572,6,84488,11.227941037360564,Other,Business,0,0
19,49831,45,53433,20.2979573375522,Mortgage,Personal,1,0
50,77174,22,10711,19.56290026074889,Own,Medical,1,0
50,31279,18,60262,5.0819696677304265,Other,Home,0,0
58,189292,45,87009,4.035938208950554,Rent,Home,0,0
30,80610,21,84785,22.88754069423257,Rent,Education,0,0
47,73051,12,10597,14.316692946183448,Mortgage,Business,0,0
50,76652,20,61067,21.729421557499585,Mortgage,Business,0,0
30,85524,0,88520,3.3374757730272266,Own,Personal,1,0
69,26470,18,49022,14.109859179997496,Own,Personal,0,0
43,192870,32,82924,14.406809835253437,Rent,Personal,0,1
39,73473,3,19782,21.79614674846945,Mortgage,Education,0,1
56,170952,41,52782,4.245029959283272,Other,Medical,0,1
19,64439,2,73144,7.530247964545914,Own,Personal,1,0
55,34308,26,99651,11.350381219401301,Other,Personal,0,0
56,111563,40,56013,21.91435393465867,Other,Personal,1,0
43,55081,34,73036,23.59431624662304,Own,Education,0,0
63,29837,27,36342,24.832666250653443,Mortgage,Home,0,0
75,138128,5,86745,24.061450188545994,Other,Medical,0,0
67,187896,5,21977,2.1366603844201517,Mortgage,Home,0,0
32,184145,43,58396,3.097291853439057,Other,Business,0,0
51,132651,22,51021,5.394956840624539,Mortgage,Business,1,0
59,117624,32,70057,10.023828225716283,Mortgage,Personal,0,0
72,177371,15,67836,21.08811471270005,Mortgage,Home,0,0
61,50063,23,28075,22.531092492716052,Mortgage,Education,0,0
66,89453,4,90515,6.29719134477541,Own,Medical,0,0
57,122166,40,31802,16.2522754872533,Other,Home,0,0
28,34506,41,78761,23.09932565650136,Mortgage,Home,1,0
78,133604,12,78017,12.665829926420377,Rent,Medical,1,1
20,46026,46,87753,4.381502154914031,Other,Home,1,0
76,178744,11,56822,12.529713951946373,Other,Home,0,0
23,189489,4,52603,10.643282752625316,Mortgage,Medical,0,0
26,72413,36,81291,15.28613390951816,Other,Education,0,0
23,85066,30,91450,12.089149741363384,Rent,Medical,1,0
26,70971,27,36592,2.3989563176355126,Rent,Personal,0,0
56,178353,27,57006,24.861947868514438,Rent,Personal,0,1
48,133978,29,27269,14.50142546780313,Other,Personal,0,0
49,179163,17,51138,12.893507376146019,Other,Personal,0,0
58,70494,43,63398,23.956199544593243,Mortgage,Business,0,0
67,123864,26,91091,5.584788454502774,Other,Education,0,1
29,169682,34,20874,6.35246485854071,Other,Business,0,0
25,152151,25,58228,20.58433922844402,Mortgage,Home,1,1
25,115386,38,63670,7.999114840575202,Rent,Home,0,0
67,197823,48,8925,20.38222344470512,Mortgage,Medical,0,1
45,106126,17,4107,8.245270106895559,Own,Personal,1,0
79,182023,32,87388,2.7633154951750343,Other,Medical,0,1
37,100863,24,96719,13.891338649394468,Other,Home,0,0
79,98291,30,28617,6.523787984917812,Own,Personal,1,0
64,145659,36,75258,19.430464737446833,Own,Education,0,0
76,27235,1,51075,16.74759156433941,Own,Home,0,0
24,102733,32,23631,23.24286136349211,Mortgage,Medical,0,0
28,82712,38,63444,20.008732217111927,Rent,Medical,0,0
37,172545,42,98158,6.157846961336717,Mortgage,Home,0,0
33,145849,42,8883,20.403639443290317,Own,Business,0,0
21,99823,31,20708,16.759952030722538,Mortgage,Education,0,0
23,124215,17,47221,17.385887760494374,Other,Home,0,0
75,52230,16,18197,21.14204637731342,Mortgage,Home,0,0
39,104573,33,22134,15.197953591345625,Own,Medical,0,0
43,60644,38,34550,12.718080830119296,Other,Personal,0,0
20,199736,6,15642,16.642743813250743,Rent,Personal,0,1
58,65203,41,21439,8.85302086604226,Mortgage,Personal,0,0
77,86677,34,98779,6.199734015003283,Mortgage,Medical,0,0
59,176497,29,25583,16.18152027563867,Own,Personal,0,0
31,143246,11,94885,7.3785124889659865,Rent,Home,0,0
28,104817,34,80538,3.838047514971955,Other,Business,0,0
35,89806,10,63014,2.01274624546084,Own,Business,0,0
71,62814,43,20523,15.991346232201543,Own,Business,1,0
29,90219,3,71543,10.329422020045447,Mortgage,Personal,0,1
40,190956,24,86971,19.30315232548949,Rent,Business,0,0
29,115345,47,91629,10.629057161201356,Own,Personal,0,0
30,120088,31,77830,13.178079309479214,Mortgage,Home,1,0
42,89322,19,46538,11.362954374753853,Other,Home,0,0
62,41650,49,48310,16.96322019551496,Own,Medical,0,0
68,114242,30,11908,10.191200726344269,Other,Medical,0,0
75,160262,3,58290,24.166655948673103,Other,Education,0,1
36,58196,37,54634,23.53138069176619,Mortgage,Home,1,0
72,190521,46,13699,21.504641761117472,Rent,Personal,1,1
63,190733,0,67912,23.166906223173207,Other,Education,0,1
53,49709,2,15255,12.330212834565993,Own,Home,0,0
62,100428,36,80183,14.33789912615832,Rent,Personal,1,0
25,29943,21,61282,19.06812962883962,Rent,Home,0,0
46,194312,16,59249,18.011356273586447,Mortgage,Home,0,0
72,196832,13,39176,22.48560769892583,Own,Personal,0,1
70,41042,40,9163,18.475613626903993,Own,Home,0,0
72,63894,34,55210,24.951348289254593,Mortgage,Home,1,0
49,157941,12,72979,10.015633396126594,Mortgage,Home,0,0
68,76759,34,79860,21.15894807150661,Rent,Medical,0,0
61,125973,42,22143,18.045600925151277,Other,Business,0,0
35,64306,1,5920,17.90188823994543,Other,Home,1,0
23,128369,46,83911,9.494218681434976,Other,Personal,0,0
35,171990,12,38996,20.068841225729518,Other,Home,0,0
36,48379,15,12748,22.70864851399478,Own,Medical,1,0
39,140667,17,95071,7.026614614972948,Own,Medical,0,0
54,154034,6,82251,16.386427253684197,Mortgage,Home,0,1
49,164923,44,48252,11.01910106936383,Mortgage,Education,0,0
73,137626,35,64179,24.75960674378217,Other,Business,0,0
58,196819,40,7450,13.013154764128677,Mortgage,Personal,0,1
76,145180,29,53756,7.2513639973296815,Own,Personal,0,0
20,72349,41,51235,10.782725380102148,Other,Personal,0,0
45,165817,40,91546,17.038282965782404,Other,Personal,0,1
27,25730,6,1020,3.750055541040254,Own,Medical,1,0
68,164993,14,81253,15.882844165088464,Rent,Business,0,1
52,39023,39,10664,23.418169461114655,Other,Home,1,0
78,196421,18,67635,21.55834411613056,Mortgage,Home,0,0
46,146796,42,24225,3.5564913431336174,Rent,Education,0,0
71,101533,36,69173,24.84796721099857,Own,Home,0,0
32,103286,1,86333,18.07071924518922,Rent,Business,0,0
50,61979,41,41225,5.732458959222544,Rent,Home,0,0
24,42837,47,11807,2.2855700508967405,Other,Medical,0,0
29,166069,12,84274,5.939500634719481,Rent,Home,0,1
66,124975,39,7402,21.278046175771987,Mortgage,Personal,0,0
47,196111,40,5521,2.497704473738766,Other,Personal,0,0
38,40923,42,64165,7.36238798321599,Own,Personal,1,0
48,28876,42,9382,19.418028692702133,Mortgage,Personal,1,0
75,80973,30,16065,15.480542325657108,Other,Medical,0,0
78,153959,15,86470,20.002921338284413,Rent,Medical,0,0
41,62422,41,15425,19.161461588016124,Mortgage,Medical,0,0
37,71413,43,14111,3.163831903801509,Other,Home,1,0
54,122484,5,41799,22.527762639165484,Other,Personal,1,0
21,153913,27,54257,7.22173218849218,Own,Education,0,0
45,48756,31,62177,14.728026125284567,Other,Education,0,0
61,91576,43,82046,16.81862760013891,Own,Personal,0,0
79,138248,9,38851,5.878448850357194,Rent,Business,0,0
37,30304,49,9816,24.453318904122412,Other,Home,0,0
77,50341,17,78853,13.227586990008106,Other,Education,0,0
41,155830,3,3175,3.325781998740049,Rent,Medical,0,0
67,168082,8,12341,23.557027029890328,Other,Business,0,0
66,147039,6,64908,15.484160393445165,Other,Medical,1,1
68,182730,49,26654,18.081443553571656,Mortgage,Business,0,0
49,152447,7,61895,14.079043168487154,Own,Business,0,0
58,119485,42,60696,21.198972959870254,Other,Home,0,0
53,42092,6,58889,2.7620696304438503,Other,Medical,0,0
75,151562,40,88144,8.172702401374398,Own,Medical,1,1
70,23729,39,84115,12.80191219726192,Mortgage,Education,0,0
51,157046,2,31194,3.761883175215331,Own,Personal,0,0
53,138222,16,35837,18.23585339451314,Other,Personal,0,0
19,105216,1,69894,11.054258523279737,Rent,Education,0,0
32,103860,14,85358,8.271363776167313,Rent,Business,0,0
51,116870,45,42576,2.077713476593482,Mortgage,Education,0,0
53,41398,28,20727,18.556097170248936,Mortgage,Education,0,0
23,54650,49,35579,21.177614104075822,Other,Medical,0,0
56,172364,47,97554,11.085932320674464,Mortgage,Education,0,0
59,123889,21,17555,14.977013471767407,Other,Business,0,0
68,23159,3,54294,7.236792396380764,Rent,Personal,0,0
68,118162,5,50777,16.31054586444306,Mortgage,Home,0,0
75,122834,37,6906,2.279161541249612,Other,Education,0,0
71,168137,25,41751,13.238809633271444,Own,Education,0,0
78,41638,10,70599,16.816726082335922,Mortgage,Medical,0,0
29,21073,25,75180,23.11841078428388,Other,Medical,0,0
20,197583,16,74678,10.770723793812538,Other,Education,0,1
62,49320,23,32644,19.599374668563684,Own,Education,0,0
35,54924,27,34521,15.746801688700517,Rent,Business,0,0
57,191806,34,12564,23.32127859727685,Own,Personal,0,0
38,88116,30,71640,11.162686540166904,Other,Personal,1,0
32,191097,12,28299,9.339192817078724,Own,Home,0,0
50,22159,34,48958,22.40426596996531,Own,Personal,1,0
52,68940,15,57078,3.1326212323906497,Other,Home,1,0
43,99436,14,14421,5.136864037474567,Rent,Medical,1,0
25,34678,42,89747,3.895301995433022,Own,Home,0,0
53,198276,17,12202,21.39152900125726,Own,Home,1,1
65,163093,46,43185,2.243970737517346,Mortgage,Personal,1,1
47,157844,36,4685,21.81811457643211,Mortgage,Education,0,0
40,87163,47,91197,12.379159293539137,Other,Medical,0,0
59,174536,47,43637,2.0925814136413274,Other,Business,0,0
61,71137,48,19366,11.237839075876963,Other,Home,0,0
31,181304,40,25276,6.296419344035819,Mortgage,Home,0,0
31,81497,26,81946,16.36121121185975,Other,Home,0,0
19,120485,34,49239,17.62525216819787,Own,Education,1,0
72,125468,44,76214,13.213134119314995,Own,Business,0,0
54,20901,34,25575,2.931949085112409,Rent,Personal,1,0
22,107980,27,42401,17.09096250044564,Other,Medical,0,0
55,127594,38,42230,21.366892022926987,Own,Education,0,0
62,22881,37,80424,18.567458378507233,Own,Business,0,0
58,49863,8,83263,21.089032135972328,Rent,Medical,0,0
79,156694,11,69617,6.611719041670412,Own,Personal,0,1
71,152450,14,24021,22.4444226120991,Rent,Medical,0,1
77,65201,20,10449,9.410449364903144,Rent,Home,0,0
78,79251,34,16657,2.3083107277957935,Mortgage,Home,1,0
64,92572,41,36059,21.398007865568626,Own,Education,0,0
31,59255,32,2532,23.661889186188716,Mortgage,Medical,1,0
73,83212,18,51805,17.07783854059902,Own,Home,0,0
56,70210,22,82551,7.323042500658767,Mortgage,Education,0,0
42,145629,12,38756,7.790122678498199,Rent,Education,0,0
37,42499,43,72880,12.731636089019249,Rent,Education,1,0
19,122552,0,75642,22.65011483083265,Rent,Personal,0,0
56,81360,28,35206,5.440746091393843,Rent,Home,1,0
23,155675,23,53168,20.9973944004202,Own,Home,1,1
34,147466,15,76188,8.699964600218458,Other,Business,0,0
76,105473,24,25550,20.59748189686925,Own,Personal,0,0
42,163704,22,7389,23.16623754483539,Mortgage,Home,1,1
74,181679,27,88897,11.832359055869365,Own,Home,0,0
45,111873,46,36847,10.396165044427208,Own,Business,0,0
19,85756,15,80239,20.45109033633994,Mortgage,Medical,0,0
52,198066,42,19642,14.178106294726062,Rent,Medical,1,1
54,76344,37,37509,17.74232811465353,Mortgage,Personal,1,0
22,158421,10,80417,16.32507245010713,Mortgage,Education,0,1
18,91154,2,50237,5.516443449830316,Other,Business,0,0
57,47464,14,16414,21.430178286659917,Other,Business,1,0
29,193696,0,64176,6.502827562502133,Rent,Home,0,1
73,141897,6,80865,23.44248931362796,Mortgage,Home,0,0
53,57344,0,63059,7.763139702709401,Mortgage,Business,0,0
62,103791,48,50150,18.879262385296062,Mortgage,Education,1,0
40,175371,31,89367,8.547074050352617,Own,Medical,1,1
64,199047,8,42091,9.30906439749787,Other,Personal,0,1
48,152534,28,74124,9.130042613993023,Other,Medical,0,0
28,140209,25,1903,19.201521842599917,Rent,Personal,0,0
27,101441,22,55235,14.80674771329604,Other,Education,0,0
20,110456,44,59565,22.307906484492435,Other,Business,0,0
71,101788,42,56342,9.06957254169303,Rent,Education,0,0
31,191653,28,43723,17.91582800730512,Mortgage,Business,0,0
33,34175,37,36572,19.317817792251546,Own,Home,0,0
27,157263,32,18610,5.484088599689038,Rent,Personal,1,1
46,103434,6,35052,11.213555218355657,Other,Home,0,0
27,104518,11,99993,13.104802370059456,Rent,Business,0,0
29,86537,30,88063,10.180809967570609,Other,Personal,0,0
47,135721,31,38550,9.408589707290176,Mortgage,Personal,1,0
58,67645,19,55033,17.787657561945764,Mortgage,Home,0,0
18,43283,16,30011,6.964927146168237,Mortgage,Personal,0,0
22,106971,35,35764,18.315987140775963,Other,Business,0,0
37,112759,2,98540,23.506016516986804,Rent,Business,1,0
25,122780,0,54533,14.999542987088276,Other,Home,1,0
60,181096,49,25064,16.062987445007906,Mortgage,Education,0,0
29,50734,26,50581,3.585452148854049,Mortgage,Business,0,0
18,20515,46,29702,21.88296878321005,Mortgage,Business,0,0
74,130782,39,86701,8.565299105596907,Other,Personal,1,0
71,86727,32,9631,16.14617680715699,Own,Personal,0,0
37,129164,19,88388,24.519579904130453,Mortgage,Business,0,0
45,66216,13,71043,15.696559813174579,Rent,Home,0,0
74,91833,35,67063,18.668318211680685,Mortgage,Education,1,0
60,78755,4,29981,12.242351219146293,Other,Personal,0,1
54,47856,22,36764,3.3884144008463193,Rent,Personal,0,0
64,93870,44,51513,20.344785038265137,Other,Education,0,0
54,175234,14,67198,2.8049733490716706,Own,Personal,0,1
29,157080,5,25940,18.115130064420644,Own,Home,0,0
54,27987,32,72792,2.52719618244165,Other,Personal,0,0
66,116502,18,29432,21.83302044126342,Mortgage,Personal,0,0
66,154404,12,9367,5.625628824158554,Rent,Business,0,0
73,86323,28,26511,13.828244395178675,Mortgage,Home,0,0
61,190062,5,9573,15.734466203112389,Other,Home,0,0
73,29873,14,16582,12.523544369588478,Other,Business,0,0
45,187516,15,6378,9.837560255024407,Mortgage,Medical,0,0
64,186412,23,66296,12.759728812162349,Rent,Education,0,1
32,125219,22,14500,9.16256233926665,Rent,Home,0,0
23,25033,47,66841,12.076813982859854,Rent,Medical,0,0
61,93324,9,22881,10.254998792954705,Rent,Education,0,0
76,35689,40,71233,15.022710940664341,Rent,Home,0,0
78,129756,40,52542,7.47225573163462,Own,Personal,1,0
37,20066,48,66285,24.739100763022286,Own,Home,0,0
67,134159,16,60547,13.520008927789808,Other,Education,0,0
31,196318,48,63151,6.465727780533721,Own,Medical,0,0
19,27533,43,8222,12.972535240047266,Rent,Personal,0,0
26,135828,44,8933,21.927547979070958,Rent,Education,0,0
54,79658,29,84385,2.5015562418610986,Rent,Education,1,0
37,58498,43,90772,17.629744739467643,Other,Home,0,0
43,129028,45,99706,14.603259326260345,Other,Business,0,0
46,31772,9,79437,5.899833870513117,Mortgage,Business,0,0
18,109385,18,7940,20.801958104013174,Own,Personal,0,0
72,32940,28,85590,10.48434631460213,Own,Education,0,0
52,138027,1,60145,8.75744666275667,Mortgage,Medical,0,0
23,36932,35,44610,21.046879412708723,Mortgage,Personal,0,0
54,44648,18,58520,16.686076062408286,Own,Personal,0,0
70,52966,6,5544,22.65995892452096,Rent,Home,0,0
76,178849,25,91854,16.487325184437587,Own,Medical,0,0
22,183639,14,55812,19.03880613243865,Rent,Education,1,1
50,168246,46,72610,21.238255613971095,Other,Education,1,1
66,62598,37,52500,3.259011625928549,Own,Education,1,0
68,164870,2,40618,19.849126053995747,Own,Personal,1,0
31,168630,37,26444,16.115249082540267,Other,Home,0,0
29,81084,15,86982,3.5986793198494444,Other,Personal,0,0
59,195309,1,95079,13.697292202980448,Other,Business,0,0
37,151250,30,57586,3.8965357936309393,Other,Business,1,1
70,37118,27,25789,18.926785639634115,Other,Education,0,0
67,42616,6,2617,14.56953941965131,Mortgage,Home,0,0
41,151870,29,4333,23.93219136048284,Mortgage,Education,1,1
76,27601,42,41002,6.212113546150706,Other,Education,1,0
60,45363,6,64620,15.938769407968705,Other,Personal,1,0
79,22795,35,88688,6.866389095121301,Other,Education,0,0
51,117462,28,90627,16.123494648730162,Other,Education,0,0
42,196336,23,1511,18.6209431542997,Rent,Home,0,0
67,122892,38,38850,18.612999574579387,Rent,Home,0,0
46,92833,3,83172,20.746701785700026,Other,Home,0,0
74,23084,28,87053,21.631655243041283,Other,Education,0,0
56,115865,43,32786,3.777249704145072,Own,Home,0,0
48,20731,4,75356,9.895144612665295,Other,Home,0,0
73,152201,28,37244,17.80381796827553,Other,Medical,0,1
64,179094,29,75714,13.467484609997879,Mortgage,Medical,1,1
60,21605,28,68261,6.385546775360204,Rent,Business,0,0
67,97506,25,19477,14.712320113834053,Other,Personal,0,0
40,64130,18,47533,11.371020013621308,Rent,Personal,0,0
61,180337,25,35469,10.970880386049018,Rent,Home,0,0
55,183402,36,9496,20.62433550102027,Own,Business,0,0
37,88469,26,13270,11.37476167814017,Rent,Business,0,0
40,166259,29,77008,2.608453626049756,Rent,Medical,1,1
79,176863,29,21724,3.3354567944950992,Other,Business,0,0
62,110436,2,31416,21.693612958907266,Mortgage,Education,1,0
69,132341,42,36575,24.09381863028799,Other,Home,0,0
33,190939,6,82190,17.833414738481274,Other,Education,0,0
67,151965,48,77614,10.380470764301844,Mortgage,Personal,0,1
59,119694,8,94566,23.58780726327873,Mortgage,Medical,1,0
77,39773,40,74108,17.24447098664192,Own,Education,0,0
72,24239,41,18408,21.419671631584766,Mortgage,Home,0,0
25,40863,12,20359,19.614602992851214,Other,Education,0,0
67,71415,14,9698,10.720204262769625,Mortgage,Education,0,0
38,88968,4,71392,13.010150619568067,Mortgage,Business,0,0
18,80430,28,94063,6.281039550466288,Mortgage,Medical,0,0
72,21515,34,40492,8.716324310136883,Rent,Personal,0,0
25,117206,26,75781,19.896890209589998,Own,Home,0,0
46,165677,26,44634,22.56150301331149,Rent,Home,0,1
49,76240,7,43864,18.662589734782472,Rent,Personal,0,0
55,25586,31,95482,12.69899502310268,Own,Home,0,0
22,140419,19,38355,3.9897131856141934,Rent,Business,1,1
64,142374,9,38690,3.309802820064309,Mortgage,Education,0,0
39,51186,12,38814,10.609487986095639,Own,Business,0,0
64,46928,28,32645,12.667899531656252,Rent,Business,0,0
51,142990,34,85814,16.009774310905826,Other,Business,0,0
18,107029,7,73739,2.1492589919009357,Rent,Personal,1,0
72,40711,28,57630,24.763626480725048,Other,Medical,0,0
72,74962,30,49171,10.370594318292987,Mortgage,Personal,0,0
43,40039,40,22658,21.50617726742579,Other,Personal,0,0
60,56561,29,16797,14.304234230304301,Rent,Business,0,0
27,21577,21,59799,5.000107454266969,Rent,Medical,0,0
47,127792,20,99342,20.344007708294004,Rent,Personal,1,0
67,179422,11,97494,18.32602272315715,Own,Medical,1,0
35,184870,10,53236,14.131029953372243,Own,Business,0,0
34,30785,1,7265,13.83472110067694,Rent,Personal,0,0
43,92227,49,73134,4.012030932271346,Rent,Medical,1,0
25,138680,40,83678,17.084525817199104,Mortgage,Home,0,1
64,81957,1,54494,22.958638582348893,Own,Personal,0,0
57,85431,33,53268,4.144633142091243,Own,Personal,0,0
66,168369,2,27998,8.060763364924814,Own,Personal,0,0
29,91894,15,92426,22.75308338916827,Other,Medical,0,0
44,170653,3,95414,8.539909925855245,Rent,Education,0,1
25,75192,22,62339,17.040704460138308,Mortgage,Personal,1,0
42,21462,49,15306,14.300817793692316,Mortgage,Home,0,0
63,148848,19,65006,15.715534915088828,Rent,Home,1,1
21,166583,24,48345,11.563144736276822,Rent,Business,0,0
50,96106,29,12885,8.899803822735356,Mortgage,Education,0,0
18,68665,17,44826,3.116269366782386,Other,Education,0,0
36,195486,41,56597,19.118461603765777,Mortgage,Medical,0,0
48,101010,10,8443,19.160149630467217,Other,Business,0,0
33,92573,28,98375,17.426692021810634,Other,Medical,1,0
31,127803,16,18084,16.80357712675127,Own,Business,0,0
70,139682,25,90447,7.605494039853103,Rent,Education,0,0
65,33386,22,5383,2.5139334766246977,Own,Medical,0,0
22,144069,47,93313,20.60045412836511,Other,Business,1,1
58,74460,19,35361,13.296186321004019,Mortgage,Education,0,0
43,157293,44,81294,9.057277006160222,Own,Education,0,0
79,174546,1,62331,4.3444338559531115,Mortgage,Personal,1,1
45,135375,23,96057,3.442596590731933,Other,Medical,0,0
19,132660,30,21529,10.023934601289078,Mortgage,Personal,0,0
67,172117,26,59574,20.508952489639633,Own,Education,0,0
23,111319,1,89627,23.130646234678103,Other,Medical,0,0
26,136582,13,97917,22.62528138610049,Rent,Medical,1,1
50,155994,3,31932,23.16001919924206,Own,Home,0,0
58,173778,48,2908,22.87768289197488,Own,Business,0,0
42,62771,12,31358,14.126169286809104,Rent,Home,1,0
65,72335,35,31412,7.046559686808788,Other,Home,0,1
30,72949,34,84710,20.355071405246868,Rent,Education,1,0
26,115558,43,82032,6.915398421609317,Own,Business,0,0
70,166312,7,3928,8.145767365401088,Other,Home,0,0
30,122272,1,66158,7.364849401918614,Mortgage,Home,0,0
48,22716,5,31632,13.844595285003534,Own,Medical,1,0
58,167646,30,33309,9.402032687888838,Mortgage,Education,0,0
28,195138,9,10280,5.5455891413828535,Rent,Home,1,0
21,171285,43,41449,12.422988473559295,Other,Business,0,0
51,91916,20,88171,22.09986649205884,Rent,Personal,0,0
78,70906,41,27957,15.12271566384936,Mortgage,Personal,0,0
55,20463,9,37895,22.201718935414505,Own,Education,0,0
63,183045,22,71499,6.50506025682016,Other,Personal,0,0
21,94694,2,94057,5.840399094468742,Rent,Medical,1,0
55,171723,31,99151,15.238273891063665,Mortgage,Medical,0,1
36,88694,19,22695,12.65656473556428,Mortgage,Business,0,0
23,40008,9,75893,17.183970757880008,Own,Education,1,0
51,90474,28,64123,20.276416193615976,Mortgage,Education,0,0
35,58185,40,26176,19.280067800000058,Other,Personal,1,1
30,107924,45,19409,23.672006994146905,Mortgage,Home,0,0
58,54980,33,57967,11.159897410611265,Own,Home,0,0
40,42504,36,1987,6.746895071708158,Rent,Home,0,0
36,74970,19,55462,14.670990718801372,Other,Business,0,0
62,36766,7,68501,4.547091764397269,Rent,Education,0,0
28,136944,6,97854,8.643575836627523,Rent,Personal,1,1
18,113922,5,27015,6.781425271052322,Mortgage,Business,1,0
41,162767,10,95727,11.12096548633286,Mortgage,Medical,0,1
79,168868,43,67404,4.557981225050954,Own,Medical,1,0
71,193615,17,51281,2.7323601246062506,Mortgage,Medical,0,0
24,165631,41,38146,17.106262106490732,Mortgage,Education,1,1
42,184211,28,49231,16.03572650066551,Rent,Medical,0,0
38,140494,24,30032,18.292255528889207,Other,Home,0,0
32,28802,20,29305,17.18888812624091,Mortgage,Medical,0,0
18,191277,45,55306,4.628777666274821,Other,Business,0,0
29,54159,2,89176,8.694814271639865,Mortgage,Medical,0,0
75,31516,17,19318,4.979112027708105,Mortgage,Home,0,0
24,70492,23,14246,21.38836524711695,Own,Medical,0,0
32,49086,46,34844,19.178784073177034,Mortgage,Personal,0,0
38,133758,37,33602,6.635121067119576,Own,Home,1,0
36,50480,9,22584,9.850112531267548,Rent,Education,0,0
77,148023,26,16169,24.232144822076926,Other,Medical,0,0
46,130195,11,26968,15.665665231231984,Mortgage,Business,0,0
42,198838,6,7385,20.42657873792662,Own,Medical,0,0
50,58737,16,74758,8.085593799680769,Rent,Business,0,0
66,29265,0,26444,6.83121716412402,Mortgage,Personal,1,0
49,134165,49,63497,20.030089363470612,Own,Education,0,0
66,139501,25,6362,17.775066470323125,Own,Home,0,0
52,90990,14,9250,17.662492371870563,Rent,Home,1,0
61,35386,32,69354,14.71059538207146,Mortgage,Education,1,0
55,124718,36,37368,14.962301883860624,Mortgage,Personal,0,0
43,57425,46,45109,18.921042622043835,Other,Personal,0,0
28,141635,30,81589,8.210057065787492,Mortgage,Medical,0,0
52,194326,34,58645,10.113674714709983,Own,Personal,0,0
25,73634,0,57997,22.047645721961267,Other,Medical,0,0
63,198734,7,28426,9.103899623279627,Other,Business,0,0
31,106988,11,40023,14.565120141723877,Mortgage,Education,0,0
27,126337,18,60267,18.160707672153734,Other,Business,0,0
19,161215,24,25892,24.99827101716306,Own,Business,0,0
63,166653,31,60232,12.011700624392635,Own,Business,0,0
26,87443,11,95897,11.846136162373707,Rent,Business,0,0
20,49424,12,60225,21.379532726974354,Own,Home,0,0
38,108844,27,17007,20.526571558976855,Rent,Personal,0,0
43,61984,0,80777,18.814745279894616,Other,Education,0,0
25,61505,5,45858,12.654281660407664,Rent,Education,0,0
65,122478,7,46073,9.450599763696463,Mortgage,Business,0,0
19,82699,3,90438,16.000801099451518,Rent,Education,0,0
23,178029,4,91042,22.153135742027743,Mortgage,Medical,0,1
45,176536,24,84098,22.32688153879749,Other,Education,0,0
70,134012,21,21239,4.495461936620083,Rent,Business,0,0
46,174721,27,63969,11.852056527702466,Own,Education,1,1
43,193137,38,14065,12.688604992571237,Mortgage,Personal,0,1
42,54758,22,42291,24.485153453046323,Other,Business,0,0
29,156668,3,39805,17.593954350579445,Own,Home,0,0
22,36374,3,99831,11.366667597027623,Mortgage,Personal,0,0
51,138686,46,19443,2.599331377668639,Other,Education,0,0
65,23775,20,10290,15.003858682281507,Other,Home,0,0
54,47388,36,1211,4.209747439682191,Own,Personal,0,0
32,143800,40,84634,21.19234901899855,Other,Medical,0,1
61,41029,1,20072,19.30792919311833,Rent,Personal,0,0
53,103981,6,44290,12.591710677888111,Other,Home,1,0
32,73639,48,86186,11.871847929459094,Mortgage,Medical,1,0
60,134010,15,16115,22.63879620808168,Mortgage,Education,0,0
65,165717,16,6149,8.634542059616953,Mortgage,Business,0,0
40,51105,19,42992,7.727459128455728,Rent,Education,0,0
23,164740,22,18716,23.601540954992526,Own,Business,0,0
63,167032,33,98724,20.6126542453301,Rent,Business,1,1
67,146519,10,14621,20.874388640545476,Rent,Home,0,0
61,162429,33,7820,6.489457728346287,Rent,Medical,0,0
76,122739,32,43800,5.295807802911492,Other,Medical,1,0
60,71796,25,56043,2.598679645794103,Own,Personal,1,0
62,35804,1,31399,7.451954705129641,Other,Education,1,0
38,147732,22,15002,19.80638130942947,Rent,Home,1,0
40,165698,40,44098,7.520883631575445,Mortgage,Education,0,0
60,179204,21,46511,18.769375522682154,Rent,Personal,0,0
72,27951,33,54243,7.793890103450694,Own,Personal,0,0
33,157521,14,29750,11.091727452865449,Mortgage,Home,0,1
64,39065,9,92610,24.612732667962394,Own,Personal,0,0
70,121503,14,18310,7.630669819535118,Rent,Home,1,0
77,125072,41,56398,10.656524427860155,Own,Personal,0,0
32,160202,28,83542,8.925005150699914,Other,Medical,0,0
42,109360,22,76207,4.521374685590052,Mortgage,Home,0,0
53,82287,16,45345,13.267565269008973,Own,Medical,0,0
28,188065,8,94430,10.709885256659053,Mortgage,Medical,1,1
68,182947,49,92729,17.982402973567442,Mortgage,Home,0,1
32,157126,35,52843,20.804674579885564,Rent,Education,0,1
21,127357,8,11222,14.517743433399685,Rent,Business,0,0
38,199589,15,90322,2.7405177080087477,Mortgage,Personal,0,0
30,49670,35,32509,16.235214193398598,Own,Personal,1,0
39,69112,47,1386,3.2739867904816013,Mortgage,Education,0,0
36,108388,32,65334,16.176195442777573,Rent,Business,1,0
51,109156,30,68170,17.755688833191336,Own,Education,1,0
31,179379,5,41878,6.548655435202924,Mortgage,Business,1,1
78,67922,9,70669,20.844961420600733,Rent,Home,0,0
21,113348,15,39349,22.954958026203116,Mortgage,Home,1,0
65,99335,3,22952,20.701000174617853,Mortgage,Medical,0,0
70,46312,21,91352,9.01751137487789,Mortgage,Medical,1,0
69,86985,12,22529,15.492789286249591,Own,Home,1,0
63,150744,15,72303,23.04074843139824,Rent,Medical,1,1
44,120963,28,42521,9.375288703125548,Rent,Home,1,0
46,191349,5,19383,20.860639912104777,Other,Education,0,0
64,51551,25,5901,2.21792801901902,Mortgage,Personal,0,0
45,109813,10,43889,2.083874164047554,Mortgage,Home,0,0
52,121025,23,15633,19.47336818779625,Other,Home,1,0
25,144342,28,63244,19.513294388923786,Mortgage,Home,0,0
33,196284,2,20163,20.146475320602757,Own,Medical,0,0
59,29637,9,60019,23.390617271427733,Other,Medical,0,0
53,63258,0,11707,4.711845171866537,Rent,Medical,0,0
47,186765,42,89112,7.3356546546248325,Mortgage,Medical,1,1
35,160896,25,84597,22.785673168597576,Rent,Education,0,1
19,149553,11,46101,6.076432548764129,Mortgage,Home,1,1
66,46950,13,45706,17.69127315426143,Other,Education,0,0
30,174560,24,78084,14.200649000938753,Rent,Medical,1,1
21,147870,7,16115,3.9134545675846666,Mortgage,Education,0,0
43,20215,42,76379,8.561064224655254,Own,Home,0,0
42,125603,3,40979,13.96856097814226,Other,Home,1,0
47,31523,27,41641,21.604052683728185,Mortgage,Medical,0,0
28,88689,6,70377,18.273385261137495,Mortgage,Home,0,0
24,43834,9,7416,16.303312713463463,Mortgage,Education,0,0
48,54474,35,11633,13.408756468652541,Other,Business,0,0
61,63066,1,1594,8.869731627725088,Mortgage,Home,0,0
27,30400,25,15393,4.742632960343007,Mortgage,Education,0,0
56,145211,49,36380,11.408748795020198,Rent,Education,0,0
30,30345,13,46056,2.6559253599597294,Rent,Education,0,0
48,53896,15,89279,6.854285453137564,Other,Home,0,0
24,48899,42,98507,11.947117645071176,Other,Business,0,0
73,48229,41,5861,11.627919270454047,Own,Medical,1,0
66,25583,16,37126,3.0187949129308254,Mortgage,Medical,0,0
59,155969,45,81382,15.548383531081699,Rent,Home,1,1
78,91537,21,92713,14.642737884624433,Rent,Home,0,0
59,155639,3,34682,3.796398992480995,Mortgage,Personal,0,1
73,94807,18,19228,23.692750206590105,Mortgage,Business,0,0
53,149648,1,25009,4.285803915869783,Other,Education,0,0
37,132652,38,1094,21.66118547845873,Own,Education,0,0
21,164401,8,81636,2.0071238340451365,Own,Medical,0,0
71,91792,18,53221,22.29246518604381,Other,Home,1,0
24,151300,15,99453,2.453553840699189,Other,Business,0,0
71,57052,24,18430,19.42967673351867,Rent,Medical,1,0
18,66032,47,36571,10.318888659905818,Other,Business,1,0
61,53686,17,55486,18.978986403135355,Own,Home,0,0
73,96981,22,91510,11.240139724774505,Rent,Education,0,0
62,118802,20,97665,3.63088221363236,Own,Personal,0,0
59,153881,10,63294,19.652653994093374,Mortgage,Business,0,0
64,192857,38,21860,3.6388117623913945,Own,Education,0,0
76,187619,40,73812,23.208770027108013,Rent,Business,1,0
30,62818,3,67087,3.1724028232082118,Own,Business,1,0
72,120422,24,9486,13.024481388744855,Rent,Business,1,0
39,91927,31,84063,18.6297919095683,Rent,Home,0,0
71,99465,29,50607,11.044668690216868,Other,Medical,0,0
38,133221,44,10745,6.996369915625998,Own,Business,0,0
39,57333,25,79533,19.45909211210862,Other,Home,0,0
45,146457,35,19330,20.03877821014071,Other,Personal,0,0
26,36576,33,41078,23.221984630950445,Own,Medical,0,0
43,139875,8,56332,10.651797539914787,Rent,Home,1,1
26,59405,11,55532,13.643789893438518,Mortgage,Personal,1,0
32,114000,1,91365,10.351954185459658,Own,Medical,0,0
27,51601,37,44336,7.912881902581468,Other,Home,1,0
41,87946,4,9070,19.273758115365,Other,Personal,0,0
75,72116,4,2320,9.811992435389975,Rent,Home,0,0
74,124186,21,90043,11.847437165824097,Other,Personal,1,0
78,82894,4,39921,11.28449412535264,Mortgage,Business,1,0
59,185707,3,7589,18.391208189875154,Other,Business,0,0
25,27465,8,65409,23.109299400545634,Rent,Medical,0,0
41,76754,28,93995,17.335389410069677,Own,Personal,1,0
33,112850,21,16589,12.846399710167349,Rent,Business,0,0
66,129765,26,37375,19.92171763899432,Other,Medical,0,0
43,112691,9,44085,16.742340454809163,Rent,Education,0,0
44,58871,15,61840,3.39403821370971,Other,Business,1,0
54,49511,41,44200,4.200262487633358,Rent,Business,0,0
21,100960,41,99704,2.8720897136935664,Own,Home,1,0
67,199893,9,27732,12.506775502745356,Other,Education,0,0
41,85776,5,98047,20.99462898979619,Mortgage,Personal,0,0
36,64462,48,23426,9.200912895081096,Mortgage,Medical,1,0
53,52574,4,31982,10.835684211127079,Mortgage,Education,0,0
77,122072,5,60720,22.917973492461485,Mortgage,Personal,0,0
56,192982,46,17746,21.24877924228306,Other,Business,0,0
27,176258,24,29514,17.296106584798878,Other,Medical,1,0
42,173885,49,65889,8.13648698812178,Own,Medical,0,1
35,98282,3,4851,4.691954101834201,Rent,Education,0,0
36,129779,39,20796,2.3693529216426157,Other,Home,0,0
53,38557,47,77034,4.46124546990168,Mortgage,Personal,0,0
27,179132,31,63798,8.729718203350684,Other,Education,0,0
50,92104,34,99388,14.6911714623284,Mortgage,Home,0,0
72,157152,9,63985,3.4720019033048986,Own,Home,0,0
67,164926,33,35592,5.133238901324328,Rent,Home,0,1
22,142013,35,45845,6.164856153082644,Other,Medical,0,0
64,178097,5,16930,16.535588138616042,Rent,Personal,1,1
66,61081,42,22159,16.163165376542864,Mortgage,Personal,0,0
52,155440,45,96072,14.667611706559518,Mortgage,Education,0,1
61,139181,15,90788,7.761532768006611,Rent,Business,0,1
51,47094,18,25003,10.535752898030836,Own,Education,0,0
50,197112,33,36139,4.2238634757680895,Rent,Personal,0,0
72,86766,24,53452,7.2085938864352626,Rent,Medical,0,0
38,103053,30,23205,22.64722020886935,Other,Education,1,0
34,175063,48,97059,24.532910168024056,Other,Business,0,0
39,21301,40,57955,16.896170469726776,Mortgage,Education,1,0
65,179682,16,8464,23.086935716538665,Other,Home,0,1
54,101463,46,83646,16.783063709232778,Own,Business,0,0
32,185750,29,73657,2.7635191804258072,Own,Home,0,0
52,44466,38,10840,24.925539454687407,Own,Medical,1,0
45,191947,30,41768,4.275902938790303,Mortgage,Personal,0,0
24,46081,18,10461,17.700761433236394,Own,Education,0,0
49,44354,34,21927,7.815232670720171,Own,Education,0,1
28,113297,28,90934,11.015565596860084,Other,Home,0,0
27,38300,0,99622,16.85648625042158,Mortgage,Home,0,0
26,84384,3,16329,12.039209034077262,Rent,Personal,0,0
31,115027,27,16791,7.7625593554159495,Own,Education,0,0
30,141684,17,53627,9.692262298201468,Other,Personal,0,0
78,80892,25,15372,9.855606689233056,Rent,Home,1,0
74,55525,39,93890,24.064449803688916,Own,Home,1,0
79,177604,18,49469,20.368099366239374,Rent,Business,0,0
42,26464,5,88073,12.546621744026202,Rent,Home,0,0
19,36562,0,35370,6.595881167851375,Mortgage,Home,0,0
52,127392,7,52408,20.653370536041088,Mortgage,Personal,0,0
24,75514,32,91941,5.615196846992591,Own,Business,0,0
38,133428,42,24703,6.840630994266078,Own,Business,0,0
35,132564,20,16234,10.418308012323475,Mortgage,Education,1,1
20,128047,23,8532,22.248008504595774,Own,Medical,0,0
59,52634,24,36416,5.031093378584536,Own,Education,0,0
71,20060,46,73439,4.8113864356541,Mortgage,Education,0,0
78,29269,42,19242,13.361424731021117,Rent,Education,0,0
56,43065,18,51254,8.357442445154518,Own,Business,1,0
58,22895,28,80324,15.080742657907678,Other,Personal,0,0
66,100859,9,36249,12.38764374771414,Mortgage,Home,1,0
28,163424,11,96049,12.004059446077987,Own,Business,0,0
56,124127,32,86078,4.575378321200846,Own,Home,0,0
41,116426,6,33294,5.2441428757463235,Mortgage,Home,1,0
77,183088,16,60784,20.884807281277553,Other,Medical,0,0
63,31962,9,4684,22.375302964150123,Other,Education,0,0
36,53302,30,24795,7.3977212563607555,Mortgage,Medical,1,0
21,105382,5,61301,4.609591535069688,Other,Education,0,0
43,24011,16,70187,3.228583454493744,Own,Business,0,0
55,149716,49,11431,15.990845116063626,Other,Home,0,0
59,39782,36,76667,18.453123887504727,Own,Medical,0,0
49,140654,17,90627,10.574629751673728,Rent,Business,0,1
56,190797,25,91381,17.63254495228471,Other,Business,1,0
62,29196,48,91027,18.398052757869102,Rent,Education,0,0
63,63459,15,56372,23.512872472128823,Mortgage,Home,0,0
53,107245,7,71366,3.4920936702074665,Other,Education,0,0
57,98863,23,95176,6.4227096343148355,Own,Education,0,0
54,143206,12,73870,3.576097714730727,Other,Business,0,0
50,121010,28,48387,21.96386046673054,Mortgage,Education,0,0
53,52769,31,53927,20.229504680772077,Mortgage,Personal,0,0
20,127529,23,10304,15.216767624302298,Own,Home,0,0
26,44700,15,18032,3.9242584311772126,Other,Education,0,0
25,25269,10,92291,8.28618424903555,Rent,Education,0,0
50,141631,31,60486,8.847556505345889,Mortgage,Medical,0,0
76,63880,5,66552,14.897093508354594,Mortgage,Home,1,0
23,134003,34,74844,7.9350095628444555,Own,Home,0,0
58,159392,32,30654,3.678076869997961,Other,Education,0,0
56,69589,17,40244,18.807532942625887,Rent,Personal,0,0
21,55897,36,6942,8.87884486807446,Other,Medical,0,0
30,182002,12,51697,12.404606071535914,Other,Personal,1,0
66,34380,9,3693,4.936332604593023,Rent,Education,0,0
77,90934,36,57751,20.45861097807533,Own,Home,0,0
19,75830,25,82098,15.007233169253325,Mortgage,Home,0,0
77,25529,45,7259,22.736469402826845,Own,Personal,0,0
22,114598,16,5942,13.395845950502666,Own,Business,0,0
61,102987,0,48419,23.652790451811235,Other,Education,1,0
44,69178,24,57105,22.512968700770497,Rent,Home,0,0
49,158009,33,66907,15.258576698562381,Mortgage,Business,1,1
38,141952,38,28383,23.47954907744686,Other,Home,0,0
25,59886,9,24404,9.431041187774703,Mortgage,Home,1,0
55,69699,19,73656,10.409769742196861,Other,Business,0,0
25,96396,6,6702,3.0459928800388494,Rent,Personal,0,1
67,110678,15,74883,15.55162085556862,Mortgage,Education,1,0
20,45279,36,57332,18.604251308365466,Mortgage,Business,0,1
71,189178,28,40419,19.790941375568373,Own,Business,0,0
61,130776,11,91576,5.445774579060377,Other,Home,1,0
78,121444,16,89078,12.215658663187506,Other,Business,0,0
75,126300,47,74844,6.06785387816006,Other,Education,0,0
20,133793,19,40242,17.228929023647723,Own,Personal,1,0
39,136278,25,35142,5.632766565700667,Own,Personal,1,0
23,191616,47,97226,22.795764730989724,Mortgage,Personal,0,0
19,123247,18,8393,7.304596850212507,Other,Education,0,0
40,28997,46,70939,8.70225212462963,Other,Home,0,0
61,126102,11,70082,21.570845409472994,Mortgage,Education,0,0
19,105711,20,29893,12.544755033351647,Mortgage,Business,0,0
55,136045,41,10388,2.5519067534016795,Mortgage,Medical,1,1
34,60860,33,63969,13.375483777660852,Rent,Medical,0,0
52,23225,6,37660,3.94449671374283,Rent,Medical,0,0
51,130114,44,90244,24.662928529808145,Mortgage,Personal,0,1
40,133218,34,25726,15.526566120478854,Own,Education,1,0
47,120764,14,80544,7.9002502050525045,Own,Education,0,0
69,127041,0,63996,14.965506629595207,Other,Personal,1,0
25,132224,25,1111,3.7679433777803615,Rent,Business,1,0
39,83656,34,18545,20.39749999818279,Rent,Medical,1,0
61,96290,24,41168,23.282545238875766,Mortgage,Medical,1,0
75,76633,41,3379,22.11222092874167,Mortgage,Personal,1,0
53,46655,14,96773,9.860424852866945,Mortgage,Medical,1,0
22,141118,21,88346,9.492666751797476,Mortgage,Home,0,0
30,194673,5,42120,2.8070150579749,Mortgage,Education,0,0
46,23114,14,18809,16.982208250121083,Own,Medical,0,0
48,46502,23,53813,14.302810036365283,Own,Medical,0,0
64,69768,20,75005,12.56496654052885,Mortgage,Home,0,1
74,68128,6,28967,22.875511926698262,Own,Business,0,0
72,171100,28,10748,5.861214724905465,Mortgage,Business,1,1
33,103123,31,24424,2.222324133874194,Mortgage,Home,0,0
59,128255,31,87512,3.686278398777605,Rent,Business,0,0
79,186405,4,24914,7.137543070029484,Own,Personal,1,1
47,23174,3,96603,2.7655676330595096,Own,Home,0,0
74,137769,21,79478,13.565405344792117,Rent,Education,0,0
72,55398,17,20491,9.224080470372295,Own,Education,1,0
33,187001,34,50454,6.151109185567051,Rent,Education,0,1
29,155393,16,71069,19.251933723819228,Other,Medical,0,1
34,143549,49,52925,6.702380503348191,Own,Home,0,0
33,92635,49,90119,17.814917322857244,Mortgage,Home,0,0
29,43760,23,38049,10.033092834495696,Rent,Business,1,0
25,162432,1,28821,13.772038495238753,Mortgage,Home,0,0
37,161385,12,96797,23.478941916580354,Mortgage,Home,1,1
20,150674,14,30945,2.859087600763695,Own,Business,0,0
33,156873,4,18384,13.506083671981623,Rent,Home,0,0
47,34130,2,29410,21.65172808753522,Other,Home,1,0
62,165343,36,78734,15.523407712518015,Mortgage,Personal,1,1
40,167147,36,64766,8.368021890198602,Mortgage,Business,0,0
45,127215,36,95890,11.14666610833579,Other,Personal,0,0
68,170056,2,8169,17.646109460757216,Rent,Medical,0,0
57,108095,34,41129,22.488673569217468,Own,Business,0,0
71,80942,22,98445,2.9445265961720666,Mortgage,Home,0,0
22,163933,27,4830,3.6453929034786574,Own,Home,1,1
37,118970,29,57306,9.476185043020514,Rent,Personal,0,0
57,102203,17,87940,7.353932742062017,Other,Personal,0,0
73,172049,35,66267,8.093410383115337,Own,Medical,0,0
61,108177,32,28757,7.089209968395261,Rent,Medical,1,0
18,92902,25,64867,6.503976123668628,Own,Home,0,0
74,112172,47,36650,5.004351237993712,Own,Education,0,0
47,166702,39,34766,23.480945031290474,Mortgage,Medical,0,1
38,40056,16,82478,5.316357669841521,Own,Home,0,0
37,158454,39,33419,6.701286819607332,Mortgage,Medical,0,0
23,75739,6,17668,7.664111651558072,Rent,Business,0,0
39,101685,7,17246,23.459342081999672,Rent,Personal,0,0
35,68639,30,25996,19.38142507282495,Mortgage,Home,0,0
25,197113,11,52312,20.16308689725684,Other,Medical,0,0
56,20992,47,4065,4.4094399693854545,Own,Personal,0,0
49,92394,30,11467,21.23512712536045,Rent,Education,0,0
50,87657,43,51646,11.388440881800614,Rent,Medical,1,0
70,47160,18,22007,8.044929602884942,Other,Home,0,0
33,65156,9,69079,15.242251920967142,Rent,Business,0,0
29,106442,38,29702,20.91020683378488,Mortgage,Personal,0,0
55,170644,11,95369,19.908999474722915,Other,Personal,0,0
69,137925,19,76569,22.469942099366037,Rent,Business,0,0
51,24136,36,54952,23.34704027835521,Other,Home,0,0
78,81868,47,59065,7.4768076428382395,Other,Education,0,0
31,102263,40,35169,11.748731565893248,Rent,Business,0,0
53,52167,6,17829,2.3364564017166103,Rent,Education,1,0
50,130957,13,61135,22.22439816309638,Rent,Home,0,0
40,35479,10,5522,5.555159483919653,Other,Medical,0,0
67,139392,6,86687,21.813920683881967,Mortgage,Medical,1,1
62,182448,28,36319,9.575908405691717,Mortgage,Home,0,1
19,155895,9,27543,10.467072569566179,Own,Education,0,0
58,39585,28,31473,2.9000418531287657,Rent,Business,0,0
38,168344,8,8699,9.51821216460235,Mortgage,Home,0,0
19,46619,35,69165,22.432364704429073,Own,Home,0,0
44,95069,47,41455,2.5875902257968955,Own,Medical,0,0
74,59895,9,76692,11.345531880074683,Rent,Business,0,0
26,23720,18,18441,2.7221914856930463,Own,Medical,0,0
18,39267,30,31716,10.531238777508493,Mortgage,Education,0,0
28,166768,16,63175,5.970734737946697,Own,Education,0,0
20,181040,8,7834,7.801023045172557,Own,Personal,1,1
69,73364,44,19179,22.184762582712636,Mortgage,Home,0,0
79,174417,32,27219,12.029132074303494,Own,Business,1,0
40,71567,33,16782,8.29735380224398,Own,Business,0,0
43,111229,44,82363,15.554782692862599,Other,Medical,0,0
21,170457,23,75967,5.2684600761493945,Own,Medical,0,0
35,98518,8,10496,7.966006970679685,Own,Business,1,0
72,102844,6,89867,14.563703254866436,Other,Medical,0,0
23,183991,15,40238,7.463029962505583,Other,Personal,0,0
52,110697,18,47025,17.619937960220085,Other,Home,0,0
39,77196,38,60886,13.304299951969018,Rent,Personal,0,0
60,135600,5,24563,19.75574861585789,Rent,Education,0,0
32,120625,49,4712,23.809624321616777,Mortgage,Business,0,0
39,151567,10,95067,4.663512454990378,Own,Personal,1,1
77,64755,11,46489,9.697295229644531,Mortgage,Personal,1,0
54,53324,41,33664,9.34962844620335,Rent,Medical,1,0
69,98929,12,13420,5.477207144756848,Own,Medical,0,0
59,152624,11,55610,20.636972158669828,Own,Medical,0,1
29,71272,20,6315,19.47721019289217,Other,Education,0,0
64,186925,9,71917,13.141785829191177,Rent,Personal,1,1
66,183996,19,76033,14.36872788927602,Own,Home,0,1
59,94462,49,95576,3.3695151740574136,Other,Medical,0,0
55,174961,35,98911,14.77666910352205,Own,Education,1,1
35,74675,27,80030,20.200855052451637,Rent,Education,0,0
62,93591,23,64910,15.198034192428715,Mortgage,Medical,0,0
52,173706,4,98288,8.102046512769636,Mortgage,Business,0,1
47,52363,36,61972,17.353610263689756,Own,Personal,0,0
41,97004,11,91893,10.314233889200697,Other,Medical,1,0
59,60718,34,56919,14.532085538571911,Other,Home,0,0
47,133627,39,83486,13.214003355415269,Other,Personal,0,0
31,46870,1,82288,10.767025022199142,Rent,Education,0,0
23,57394,49,5132,18.534193549065108,Mortgage,Home,0,0
20,72057,40,42598,22.329150575675282,Mortgage,Personal,0,0
33,99795,44,94812,2.119887924969274,Own,Home,0,0
24,100409,38,21551,23.473179942298447,Mortgage,Education,0,0
69,33016,41,93511,13.764848129914174,Other,Medical,0,0
31,62137,8,69206,18.1168332483551,Rent,Home,1,0
26,151225,21,75900,21.679365022045175,Other,Medical,0,1
32,158925,46,27296,12.74338492322821,Other,Education,1,1
38,32379,4,91216,21.204403687392475,Mortgage,Education,0,0
52,166864,11,19066,6.085255847469651,Rent,Home,0,0
19,141169,0,29892,5.660853293035733,Rent,Home,1,1
44,189439,43,76577,17.121841483691533,Other,Education,0,0
19,169172,21,75590,22.013289127689955,Own,Home,0,0
52,146082,37,78173,22.525802083328905,Mortgage,Home,0,0
35,133089,18,77293,16.806030542676673,Own,Home,0,0
31,31049,15,65771,14.086252294814303,Other,Home,0,0
37,151858,30,28484,9.622041017019873,Mortgage,Personal,0,0
35,181771,2,78865,24.54000955878462,Own,Education,0,0
27,142784,22,28115,9.353000793323762,Own,Education,0,0
42,67691,41,27038,19.116280466326643,Own,Business,1,0
19,188112,17,37622,14.235581397815016,Mortgage,Medical,0,1
42,77986,25,36886,15.995783878082975,Own,Business,0,0
78,189834,12,52284,11.050052663538402,Rent,Home,0,0
71,174672,17,10901,24.190931885861698,Other,Home,0,0
50,114774,2,57377,15.148693500283235,Mortgage,Personal,0,0
53,170882,22,83910,23.56911550055217,Rent,Personal,0,1
48,125315,2,50862,2.174602572000025,Own,Personal,0,0
31,77204,24,33806,15.171423413395782,Other,Personal,1,0
18,40085,26,18659,18.495298463681245,Own,Personal,1,0
63,197926,43,24453,19.136843936731015,Rent,Personal,0,0
33,190851,26,31498,22.81446828097867,Own,Personal,1,1
71,53980,38,71393,2.1012370070870845,Mortgage,Personal,0,0
63,76117,24,17312,2.007593662967958,Rent,Personal,0,0
78,165213,23,2436,12.862059598289951,Mortgage,Education,1,1
69,160416,7,28569,2.673755215123525,Other,Personal,0,0
20,35896,8,59813,24.414248734234615,Mortgage,Medical,0,0
52,109353,45,91485,7.107499014452015,Mortgage,Personal,0,0
58,49813,36,74229,12.87128877539143,Own,Home,1,0
23,85679,29,46986,3.406165490281143,Own,Home,0,0
42,161753,18,54177,14.007113571938946,Rent,Personal,0,1
30,23228,15,10305,10.738990878390396,Other,Personal,0,0
70,155654,23,33646,3.0271806641761465,Rent,Home,0,0
51,31397,43,93838,9.707858134013168,Other,Medical,0,0
25,189871,20,77126,11.003028465125679,Other,Business,1,1
38,57011,35,41430,24.76819429932362,Mortgage,Education,0,0
51,99183,39,69659,6.781375054145636,Own,Home,0,0
21,113254,38,5158,14.529931153512292,Other,Personal,1,1
42,195336,46,75236,24.708257631568458,Own,Education,0,0
32,62317,5,77067,20.216441782623107,Other,Personal,0,0
21,198986,4,28738,24.847452520288044,Own,Business,0,0
62,122489,13,10879,24.270861237183894,Rent,Business,1,0
77,196326,44,6543,13.259409468165549,Own,Home,0,0
29,60096,41,48924,18.016644547023013,Mortgage,Education,0,0
49,73785,49,43348,4.5401919196464755,Other,Education,0,0
49,72344,3,85117,12.146422976076442,Mortgage,Business,0,0
45,140382,7,37679,20.60742647213404,Other,Personal,0,0
30,179484,23,80118,13.622712382474297,Mortgage,Home,0,0
48,130489,10,44888,18.162077754796332,Other,Medical,0,0
31,31549,16,31276,19.15228058963837,Own,Business,0,0
37,45739,49,5799,7.829790248586559,Other,Business,0,0
35,41209,20,91627,22.141085577679007,Mortgage,Home,0,0
46,127051,25,94770,12.575915910911116,Mortgage,Personal,1,1
77,35116,42,91141,6.8342573832955065,Other,Education,1,0
23,40045,47,61558,21.904565281134207,Other,Business,0,0
49,177399,43,37534,11.609832540443835,Rent,Home,0,1
46,55709,44,32668,19.257186082733554,Rent,Home,0,0
60,63617,26,5111,14.604760661096638,Own,Home,0,0
79,177977,15,25686,10.78305030139351,Own,Education,0,0
19,139779,25,73551,20.627157545887094,Own,Business,0,0
77,62919,32,73392,15.4428084278261,Own,Home,1,0
40,103521,30,17490,10.982928355821729,Own,Education,1,0
36,198966,47,36194,4.520751017707921,Other,Personal,0,1
48,26447,46,15497,22.595242216634283,Rent,Medical,0,0
68,25499,5,54516,2.8158004628583306,Other,Business,0,0
22,59041,43,89730,21.853309012465292,Rent,Education,0,0
36,51315,7,45104,10.279115072312576,Rent,Medical,1,0
51,152371,6,6316,16.704791560532335,Mortgage,Medical,0,0
27,140506,33,39130,23.21059364822076,Mortgage,Education,0,0
42,156066,43,71229,5.4892521565896635,Rent,Education,1,1
19,158561,13,30954,15.039860939692634,Other,Education,0,1
79,111647,15,22652,19.581955834514417,Rent,Home,0,0
28,52355,42,15178,19.42442815253832,Own,Personal,0,0
67,93805,8,52163,14.089534035788592,Other,Home,1,0
78,88367,9,15751,16.369007577848535,Other,Medical,0,0
48,129906,16,66961,19.423120865055424,Rent,Medical,0,0
73,137409,11,4044,21.343635668420468,Own,Medical,0,0
32,97355,5,64165,19.521701228144867,Rent,Education,1,0
26,136220,18,12480,10.14211369316858,Own,Business,0,0
40,107173,42,66439,24.92470722432786,Other,Home,0,0
36,21996,40,44874,11.993561955544001,Rent,Business,1,0
26,64387,28,67775,2.562688163455469,Own,Personal,1,0
52,23089,5,7566,10.340189886465627,Mortgage,Personal,1,1
38,118827,24,86311,4.939007955198395,Other,Home,0,0
26,40659,23,54149,4.793180161752625,Other,Medical,1,0
45,65178,24,4006,8.47530592245857,Mortgage,Personal,0,0
79,115965,15,73561,3.2276363660769993,Own,Business,0,0
63,101268,15,20423,17.83578033341995,Other,Business,0,0
68,105042,5,91710,3.701744336643817,Own,Education,0,0
24,126471,36,93199,6.6756597750269915,Mortgage,Medical,0,0
33,90111,20,34952,4.136693433364746,Rent,Education,0,0
33,185637,3,28326,3.4528578107697148,Other,Home,1,1
77,120435,33,32139,8.158288307409459,Other,Personal,0,0
50,109242,27,63103,15.15367625618851,Own,Education,0,0
21,133204,37,61857,24.18776779827736,Other,Education,0,0
21,173956,40,74638,22.137803050040944,Rent,Home,1,1
56,37199,27,73652,22.14648028524247,Mortgage,Business,0,0
57,80038,16,13937,6.049541828866125,Other,Business,0,0
34,77786,13,31161,8.092865450449862,Mortgage,Home,0,0
54,129636,6,5383,3.757046286292031,Own,Business,1,0
56,69294,21,86856,19.904771818049255,Rent,Home,0,0
77,185250,0,71043,3.6057749341679246,Other,Business,0,0
69,163737,28,15735,14.804000428879625,Mortgage,Home,0,0
46,20534,30,60919,7.701138163450867,Rent,Business,1,0
69,111828,29,96249,7.5992495826611295,Mortgage,Education,0,0
53,56132,14,83055,24.78667627069492,Own,Education,0,0
77,135720,17,68561,19.40593556050636,Rent,Business,0,0
55,56110,34,86455,21.249605240694155,Rent,Home,1,0
56,83580,49,38622,15.15560176291229,Own,Education,0,0
67,173541,29,39135,22.03332861005623,Own,Personal,0,0
54,84016,33,36658,16.84628240082612,Other,Business,0,1
69,66233,41,85677,23.76199521031594,Own,Personal,0,0
79,149863,10,30696,8.470787479049646,Own,Personal,0,0
78,126311,26,4773,15.692349553006586,Mortgage,Medical,0,0
52,54409,23,25956,17.87302100254852,Rent,Personal,1,0
24,170396,34,16819,11.037558015639553,Mortgage,Personal,0,0
44,159810,38,2528,22.233283595293223,Own,Medical,1,0
45,44054,7,87491,24.535472751395552,Other,Medical,0,0
39,49709,17,45588,13.356698301571216,Mortgage,Medical,1,0
31,129321,12,71585,10.984735060499798,Mortgage,Home,0,0
24,20363,44,21511,12.854572356798549,Rent,Medical,0,0
54,30358,23,11119,21.612945151834428,Rent,Home,0,0
78,154312,22,76893,16.845773786917853,Rent,Business,0,0
39,65689,11,17167,3.0297645679161866,Other,Home,0,0
22,21936,48,57503,14.46990794025144,Other,Business,0,0
79,132272,29,88789,2.3979028230423056,Own,Medical,0,0
72,111074,30,35889,19.906313533078325,Own,Medical,0,0
19,195037,27,46678,9.551182291476666,Rent,Business,0,1
79,20882,21,96334,12.856172088698575,Mortgage,Education,0,0
44,171296,43,61262,20.369596435875536,Rent,Home,0,0
38,125227,27,5681,3.068322797572516,Own,Personal,0,1
71,145865,12,81291,5.64645531860704,Mortgage,Medical,0,0
55,143745,24,67008,11.15308865823764,Own,Home,0,0
32,181897,43,99417,7.288278761547893,Other,Home,0,0
38,48885,45,14690,9.771732792826452,Rent,Medical,1,0
27,191128,6,26912,24.958018971526695,Rent,Business,0,1
40,154275,44,7473,20.984532064197648,Mortgage,Medical,0,1
75,153316,5,42298,22.329741744082497,Rent,Home,0,0
73,118322,23,19669,23.552256572012833,Own,Education,0,0
56,88619,18,82998,9.8415252472265,Own,Business,0,0
22,41584,18,21943,8.832770029318873,Other,Medical,0,0
18,28521,35,39785,7.383437329157722,Own,Personal,0,0
30,53541,8,64427,21.092688960086818,Mortgage,Medical,0,0
38,49063,47,63001,17.629692832559254,Own,Home,0,0
43,90268,35,62724,7.431955597106178,Other,Home,0,0
67,146218,37,11832,10.670858071840462,Other,Personal,1,0
62,138206,39,6385,13.65437057045436,Rent,Business,0,0
38,190635,28,96898,14.147221317296335,Mortgage,Home,0,1
70,190824,23,15708,22.440737756689437,Own,Business,0,0
35,153639,47,59600,10.753021057785976,Other,Business,0,0
54,167193,4,24438,22.896052701511785,Own,Medical,0,1
62,152746,41,83747,12.151453887355162,Other,Business,1,0
49,96411,44,81107,19.16657152022414,Rent,Home,0,0
53,129876,25,61062,23.39584935965629,Other,Home,0,0
34,180212,13,66428,22.874241191155125,Rent,Education,0,0
52,160399,38,87843,3.3099159478006666,Mortgage,Business,0,0
66,43331,28,12002,6.731198784461106,Own,Education,0,1
77,43004,5,37153,12.968824787242328,Own,Medical,0,1
28,139243,6,23440,11.925748668921468,Rent,Education,1,1
38,161564,36,68501,16.740508291255765,Mortgage,Business,0,0
69,164821,17,33556,23.72830816898448,Rent,Home,0,0
72,83217,22,68963,4.5853083593928226,Other,Medical,0,0
70,109044,43,91725,12.39274929808753,Rent,Business,1,0
43,29045,37,91674,6.425453871404204,Mortgage,Medical,1,0
79,40116,0,7563,22.56447476315279,Other,Personal,0,0
21,38667,3,80923,24.185344273438016,Own,Business,1,0
51,95057,43,6840,13.010138683478052,Own,Personal,0,0
69,94205,46,16154,4.392236847747237,Own,Education,0,0
65,47302,34,25194,20.061777334621485,Mortgage,Business,1,0
77,162355,22,66020,18.034251061325175,Mortgage,Personal,0,0
35,182007,26,47861,10.157429012037142,Mortgage,Home,1,0
57,92534,25,23448,22.410371901286158,Mortgage,Education,1,0
52,182696,7,97460,24.444133465002267,Mortgage,Business,1,1
58,33440,42,24528,14.830638529994495,Other,Business,0,0
46,131001,15,30402,15.011741960918723,Rent,Home,0,0
69,66501,40,5352,8.842810617616891,Own,Home,0,0
46,152341,2,1184,15.443638827616226,Mortgage,Personal,0,1
55,27868,31,11384,12.11177337207147,Own,Personal,0,0
59,181323,4,15319,8.950393619345194,Mortgage,Personal,0,0
38,97909,19,21449,3.54525952004973,Own,Medical,1,0
59,104523,13,57333,7.8122807733098725,Rent,Education,1,0
30,189801,31,42205,6.550656942586282,Own,Business,0,0
66,35734,25,11426,14.466965644740824,Own,Education,0,0
58,193501,46,8504,15.83841050056266,Mortgage,Home,0,0
34,192409,5,57578,15.997149659038378,Other,Education,0,1
73,191397,35,59209,10.928163024050619,Other,Education,0,1
26,103600,39,34368,11.688283874766407,Own,Personal,1,0
58,28433,4,53185,21.18748388173472,Other,Home,0,0
18,160183,12,98630,12.953354710894736,Rent,Education,0,0
19,123986,31,81221,24.718786639153816,Rent,Business,0,0
77,83753,15,9724,12.111196290203893,Other,Personal,0,0
65,133783,0,6084,16.9403617262103,Other,Education,0,0
46,41751,12,35810,3.1583489768481035,Rent,Home,0,0
50,167525,10,83277,17.02681826163265,Other,Business,1,1
27,190040,7,83297,21.58280707154514,Other,Home,0,1
67,181149,24,79872,23.676530286265812,Mortgage,Home,0,1
75,185847,39,21872,24.938374067714722,Mortgage,Home,0,0
77,68570,31,79950,8.490108849932362,Other,Medical,0,0
57,197169,23,71333,15.233511490991487,Other,Business,0,0
38,44503,27,69843,12.36651366723939,Mortgage,Home,0,0
45,153851,13,99104,14.967802053228933,Mortgage,Medical,0,1
28,106840,44,3596,5.621418015366473,Other,Personal,0,0
72,151827,2,18167,21.691440169706656,Mortgage,Medical,0,1
51,59263,35,88844,22.920085696925515,Rent,Personal,0,0
25,128491,26,90751,12.342218251597219,Own,Medical,0,0
76,75087,19,78331,8.449886816192269,Rent,Home,0,0
39,193353,46,81520,5.239168836019283,Mortgage,Medical,0,0
25,71482,14,59326,17.7265909698895,Rent,Medical,0,0
66,142989,26,78670,9.18133231127691,Own,Home,0,0
32,168472,44,11782,22.91938710800794,Mortgage,Personal,0,1
34,60115,40,43002,17.43328692143201,Rent,Home,0,0
77,34249,27,88187,16.850762479007535,Rent,Business,0,0
40,197897,24,25022,14.866248665659539,Own,Medical,0,0
41,130361,41,85458,3.052855806860689,Mortgage,Business,0,0
62,44600,43,15618,23.4342160207685,Other,Home,1,0
36,57706,45,18245,16.44256234588758,Mortgage,Home,0,0
22,39222,32,84796,24.863425617811536,Own,Education,0,0
49,119041,45,11027,14.359197309776402,Own,Business,0,0
61,124504,13,14986,18.332550513842904,Own,Education,0,0
18,61139,7,4526,3.29281983092311,Own,Business,0,0
40,134919,47,92797,16.52993206693845,Other,Education,1,0
54,61302,13,45361,19.586941066578216,Mortgage,Education,1,0
25,107838,0,68158,19.905828781608818,Mortgage,Business,0,0
30,159718,15,39286,19.712568001296564,Rent,Home,0,1
25,164615,17,30533,7.204500427754356,Other,Personal,1,1
74,173857,6,19316,24.434164984920194,Other,Home,0,0
40,98353,14,9699,24.88918877437359,Rent,Personal,0,0
60,182478,23,80491,3.738705128716829,Rent,Business,0,0
18,108992,48,98079,23.53826772467042,Mortgage,Medical,0,0
62,71428,12,59465,8.657331469000495,Mortgage,Home,0,0
68,43777,8,17673,17.853533880272188,Mortgage,Education,0,0
41,77939,14,24395,9.77655117693104,Other,Home,0,0
52,106450,34,24707,24.258349437581796,Other,Business,0,0
41,180625,23,85749,4.3345887409813155,Rent,Medical,0,1
34,43548,32,76937,13.448176789996648,Own,Medical,0,0
22,188337,15,87732,11.845099214667718,Own,Home,0,0
37,145549,7,57416,9.498539402393654,Own,Home,0,0
38,191773,28,92512,16.847281790243418,Own,Home,0,0
57,157799,22,9758,5.014282098698352,Own,Business,0,0
75,183499,44,68009,18.483235617075028,Mortgage,Personal,0,1
48,167764,30,14281,24.55361884751011,Rent,Personal,1,1
63,51625,39,33548,20.504850432778493,Own,Education,0,0
53,44918,48,19371,21.780385316919542,Own,Business,0,0
28,192208,13,94899,10.271645093117058,Own,Medical,0,0
69,134826,29,78593,9.47239194906803,Mortgage,Education,0,0
32,134881,38,20644,13.892112157873065,Own,Medical,0,0
36,35577,26,94659,3.0517121395322717,Rent,Medical,0,0
24,105155,46,24874,23.74323709250025,Mortgage,Home,0,0
68,131776,15,89659,5.307058979372421,Mortgage,Medical,0,0
45,119246,5,15281,22.769299900866123,Other,Medical,0,0
68,178761,32,69787,3.922391106008181,Other,Business,0,0
60,162226,43,23289,20.920373336606882,Mortgage,Home,0,0
75,114948,17,6054,5.495138095198948,Own,Home,0,0
22,41341,15,67846,2.877027124103872,Own,Education,1,0
22,117554,11,95682,18.5482573559664,Own,Home,0,0
47,127798,19,50769,8.44610190401185,Own,Personal,0,0
71,66330,44,30312,18.43341151404004,Other,Business,1,0
49,107759,39,97517,14.766960760874854,Rent,Education,0,0
25,106807,28,5257,4.502569975291508,Mortgage,Personal,0,0
27,53313,29,16846,23.438991685926766,Own,Medical,0,0
55,66900,25,23483,12.403226019559984,Other,Personal,0,0
64,98840,21,27558,18.892287389369823,Rent,Education,0,0
49,185767,32,44188,13.523473156359378,Mortgage,Home,0,0
65,181297,38,14012,15.900313924107708,Mortgage,Business,0,0
45,106072,46,34236,8.963792624203926,Mortgage,Education,0,0
34,116367,28,46076,6.608286992079357,Own,Personal,1,0
48,69156,21,49402,14.47911467838556,Mortgage,Personal,0,0
25,107453,44,95467,12.125036378333046,Own,Education,0,0
57,178901,12,33076,10.972603908980462,Rent,Education,0,1
42,45938,8,81337,17.46904548717633,Other,Education,0,0
26,79164,23,76164,17.881652536256126,Other,Home,0,0
19,80282,14,75264,3.05616129009905,Other,Education,0,0
32,67801,35,18335,9.79112336760446,Mortgage,Medical,0,0
67,160537,12,44773,11.470584655206679,Other,Business,1,0
20,23326,26,53158,4.228519706775867,Rent,Business,0,0
66,154731,43,29570,7.425719934060632,Own,Medical,0,0
53,178666,36,88995,3.1877613361234025,Other,Personal,0,0
79,135819,6,41658,24.913568268191476,Own,Personal,0,0
21,24763,7,60184,18.940815668306424,Own,Personal,1,0
31,161900,36,73613,4.011353599563335,Other,Personal,0,0
58,67588,40,59194,2.4657357351721187,Other,Home,0,0
58,31221,13,68507,18.543619403502444,Other,Medical,0,0
42,162283,11,34959,12.10141981070134,Mortgage,Business,0,0
75,33569,35,54072,20.096324308485247,Other,Medical,1,0
72,57860,39,46588,23.239948869822825,Mortgage,Business,1,0
79,65337,16,41533,15.783908947376567,Rent,Personal,0,0
67,164587,39,69582,6.30349372709682,Own,Home,0,0
27,91695,28,62743,19.99046282906841,Rent,Education,0,0
38,126749,26,45518,23.983670093010613,Other,Education,0,0
53,175976,0,13703,15.345319602378988,Own,Personal,0,0
29,63790,33,50456,17.68594128745687,Other,Personal,0,0
44,88580,3,56491,9.76191798584348,Other,Medical,0,0
57,25636,23,9043,10.775136977187158,Own,Home,0,0
19,97129,20,69340,18.89705345062047,Rent,Home,0,0
71,153964,32,11176,23.338735263356842,Other,Medical,0,0
30,41672,6,4936,16.466732906160104,Own,Home,0,0
70,25812,0,32174,20.16650189516299,Rent,Home,0,0
49,20654,40,83632,5.947605400553579,Mortgage,Education,0,0
48,74633,2,89768,6.875059075933391,Rent,Home,1,0
33,37143,43,26909,14.236797797167972,Rent,Personal,0,0
49,75934,14,45158,6.060746421585332,Own,Education,0,0
49,87334,30,9366,16.60488661508124,Rent,Personal,0,0
77,123463,15,86125,8.708023264078076,Mortgage,Personal,0,0
51,145851,9,55337,20.205250229338514,Mortgage,Medical,0,0
28,49087,28,60331,20.5865379721299,Other,Home,0,0
27,162690,5,63197,12.667111482373121,Mortgage,Home,0,0
32,28446,28,73042,6.158644605865612,Other,Home,1,0
34,122127,16,51924,16.87582410488445,Mortgage,Home,0,0
57,68867,21,29842,24.83410142006249,Rent,Education,0,0
35,80101,23,18458,16.319590652678038,Other,Business,0,0
72,178272,16,88367,2.8228178864221807,Mortgage,Personal,0,1
26,108074,20,66382,2.3977614426428993,Rent,Business,0,0
42,138422,49,75319,9.368325321323042,Rent,Business,0,0
57,107892,10,12170,6.503027557789312,Other,Business,0,0
76,140044,6,81145,20.700177764296086,Own,Education,1,0
31,59148,41,45942,21.43053034182801,Rent,Business,0,0
77,102928,38,89571,7.948231740140952,Rent,Education,1,0
75,171770,4,17208,9.489829869847533,Own,Medical,0,0
42,193542,43,36178,7.433680257447637,Other,Medical,0,0
67,71660,47,80172,22.892798589539073,Mortgage,Medical,0,0
39,55450,20,10039,13.560934696312492,Mortgage,Education,0,0
69,53757,17,15990,17.091152013886457,Rent,Education,0,0
47,98012,34,7441,11.556087994090875,Own,Personal,1,0
37,126750,19,75221,16.513326450604218,Rent,Business,0,0
38,147043,14,80314,10.87467366459993,Other,Home,1,0
61,182462,4,46959,9.812604067772185,Rent,Home,1,1
49,76116,12,27862,16.593041682990044,Mortgage,Business,0,0
68,164233,11,28273,15.594427795126753,Own,Home,0,0
63,52152,20,94949,8.751142945862842,Other,Home,0,0
66,126379,36,43500,5.435014357347889,Rent,Home,1,0
73,40836,5,4956,10.477263958277165,Mortgage,Education,1,0
38,177403,6,73089,11.549545700263913,Rent,Education,0,0
52,161835,25,89789,16.459739668765913,Mortgage,Education,0,1
75,89444,41,90451,23.034161563647867,Own,Business,0,0
49,113109,47,3365,2.8322503432572783,Other,Medical,1,0
47,170259,7,73204,7.604203288462433,Rent,Home,1,1
72,163029,8,6000,6.455466672429888,Other,Personal,0,0
56,155451,26,58072,13.552771399957024,Own,Education,0,1
66,179031,3,53499,11.883118561992676,Mortgage,Personal,0,0
29,102018,20,70211,18.767865347864333,Own,Home,0,0
58,143076,30,13907,7.575565988531868,Own,Medical,1,0
64,178177,20,18336,15.673462412244447,Other,Personal,0,0
35,151949,39,86220,22.328717062799065,Own,Home,0,1
38,199425,24,94847,22.945588018121008,Rent,Home,0,0
30,103788,38,53331,24.052045908675716,Mortgage,Education,0,0
79,116870,14,81672,19.78500649783974,Own,Medical,0,0
38,103308,34,78755,22.837721843955045,Rent,Home,1,0
79,77913,48,69783,7.394210055661307,Mortgage,Medical,0,0
25,22637,42,70951,6.544361720060971,Other,Education,0,0
63,62025,40,53509,2.1492259269521083,Mortgage,Personal,0,0
57,119508,36,7472,18.25742022086926,Other,Business,0,0
63,102464,41,23380,23.56174531971612,Mortgage,Business,0,0
24,48742,46,28280,6.299512935958558,Own,Business,0,0
40,31831,27,22859,16.649702234818214,Other,Medical,0,0
61,133768,13,49402,19.168574462100885,Other,Business,0,0
49,105092,3,9262,23.3351274084053,Other,Personal,1,0
28,110879,19,12066,16.8777851523961,Own,Home,0,0
39,108370,33,16554,24.316755853221302,Own,Medical,0,0
39,146537,11,8008,9.927482243288598,Mortgage,Personal,0,0
60,197834,32,88851,10.048356276742377,Mortgage,Medical,1,1
42,124824,23,81799,14.489287730329949,Own,Medical,0,0
39,108741,19,17238,10.820543265665863,Own,Medical,0,0
45,38830,4,83025,2.0327917506132502,Other,Education,0,0
46,75044,37,18153,18.83075657700071,Mortgage,Home,0,0
30,93948,29,60353,19.28949195400512,Mortgage,Business,1,0
35,89202,23,53092,19.18041590779572,Other,Education,1,0
19,57045,42,44152,9.935475332040731,Other,Home,0,0
46,127509,39,50104,14.012657886156955,Other,Business,0,0
38,177699,6,25283,10.279390918063397,Rent,Education,0,0
32,35198,35,47429,2.368837200704853,Rent,Education,0,0
69,89521,37,78223,14.936325649242631,Own,Personal,1,0
44,126471,15,89534,4.846495319932254,Mortgage,Education,0,0
67,49475,14,55957,3.840950454103134,Other,Medical,0,1
48,39403,45,29887,19.376478580026106,Other,Education,1,0
32,23681,22,47172,2.2186426556164296,Mortgage,Medical,0,0
68,111555,11,5355,24.0571942030007,Rent,Home,0,0
40,138884,28,34701,13.850873374589268,Mortgage,Home,0,0
41,113122,43,42534,24.609377906241413,Own,Medical,1,0
61,135260,47,72442,3.3339441668722936,Rent,Personal,1,1
30,193364,14,62274,15.421179623916004,Mortgage,Personal,0,1
39,125386,28,79108,10.034521827445957,Mortgage,Home,1,0
60,156701,44,13279,21.400097334728574,Own,Education,0,0
54,113246,42,44491,10.308122910388585,Mortgage,Home,0,0
78,115864,48,77147,7.991214318319029,Rent,Home,1,0
50,28417,20,9261,21.723721923298005,Other,Medical,0,0
73,138888,14,5474,10.617021108025003,Other,Personal,0,0
20,185837,13,92414,2.387166356792914,Other,Medical,0,1
71,94499,41,29390,10.976649319304677,Rent,Home,0,0
36,150908,43,27925,17.054012187251665,Mortgage,Business,0,0
40,47675,15,83174,7.850269392546783,Mortgage,Education,0,0
46,191635,14,60051,11.935714625778617,Mortgage,Home,0,1
47,31332,41,90007,3.304448180491187,Mortgage,Medical,0,0
56,39177,3,5787,15.526134204821016,Other,Business,0,0
61,150560,26,74398,19.394783248789057,Rent,Business,1,1
64,77104,22,59177,11.506188912225536,Own,Home,1,0
42,104335,28,44724,11.665350554433582,Rent,Personal,1,0
54,134938,40,11663,4.030497467453078,Mortgage,Business,0,0
64,100730,8,17120,6.644639883775599,Mortgage,Education,0,0
25,156023,42,23740,5.557531971941991,Rent,Medical,0,1
59,48333,42,3035,13.078818679215374,Rent,Medical,0,0
75,41673,6,58443,14.172877441867252,Other,Medical,0,0
33,134421,41,68388,23.825623019537982,Mortgage,Home,0,0
25,60870,3,53335,3.6843245983763797,Rent,Medical,1,0
18,147536,4,44315,15.796963382566084,Mortgage,Medical,0,1
61,91101,4,65165,14.10946612854955,Rent,Education,0,0
22,42821,10,47627,13.87336125252407,Mortgage,Personal,1,0
20,45494,40,9303,22.082663609805007,Rent,Home,0,0
18,119477,27,50334,6.727384825996189,Mortgage,Home,1,0
21,146083,15,56892,2.9377853098515434,Own,Medical,1,0
57,132698,40,62196,17.462244675586426,Other,Education,0,0
52,131560,29,66700,9.938621675127543,Own,Business,0,0
49,151907,3,40726,2.4045680728880656,Other,Medical,0,0
59,38646,1,76751,7.781602167679518,Other,Medical,0,0
51,143777,45,50606,9.114515806986674,Rent,Home,0,0
60,97360,2,31694,16.187282666037568,Own,Home,0,0
42,57335,49,32253,5.969473263133258,Other,Medical,1,0
27,89351,20,25230,11.500250002928155,Mortgage,Home,1,0
38,134934,5,54974,13.096935221610147,Rent,Education,0,0
63,153501,42,64545,12.562460001374092,Rent,Business,0,1
56,61950,17,17925,24.40063763333598,Mortgage,Business,0,0
44,80654,43,7033,3.0465974691768105,Mortgage,Business,0,1
44,127422,4,63461,23.872268288405184,Other,Medical,0,0
19,129934,8,3665,15.384555921862766,Mortgage,Medical,1,1
58,139975,19,28025,20.30173744430628,Rent,Medical,1,1
65,111186,27,24533,11.899030214369734,Mortgage,Education,0,0
30,124234,25,46897,12.43827126891055,Own,Business,0,0
26,122326,17,78661,22.22450947736394,Rent,Home,0,0
69,97527,18,21998,22.60649341471375,Mortgage,Home,0,0
53,106704,2,62248,7.489844272919846,Rent,Personal,0,0
39,182171,8,24057,6.582563207446218,Other,Personal,0,0
59,190457,35,80244,13.413408999008874,Own,Home,0,0
43,186991,30,84608,22.706371623936906,Other,Business,0,1
75,116952,48,71631,9.414167148342056,Own,Medical,0,0
71,80782,16,98031,16.99633615280002,Mortgage,Home,0,0
29,91116,22,68173,18.287488818033825,Rent,Home,0,0
34,109626,33,81206,19.909517292565585,Mortgage,Personal,1,0
31,191459,40,39734,14.970262532182154,Other,Business,1,0
31,166895,40,63072,11.2564691004163,Rent,Home,1,1
74,66015,4,65175,24.241367742376376,Mortgage,Medical,1,0
51,122877,14,64783,16.060607325965613,Mortgage,Medical,0,0
70,35339,46,95194,18.756999867565227,Rent,Education,0,0
74,154563,2,71739,9.9346054510052,Rent,Medical,0,0
37,151778,18,88054,17.408831163070843,Other,Home,0,0
28,117493,27,52042,7.929346229774896,Own,Home,1,0
33,166800,2,53357,7.6372291031586315,Own,Medical,1,1
68,158069,37,9669,18.438610641616805,Rent,Personal,0,1
48,149526,3,68902,13.992078934047507,Own,Business,0,0
72,189595,23,19910,17.715362039714964,Other,Home,0,0
23,141648,30,57959,8.197085287206107,Own,Medical,0,0
73,45163,44,97623,15.7706368443048,Rent,Medical,0,0
36,168790,44,1366,12.21047394317159,Other,Home,0,1
54,107508,10,49415,15.730086597447142,Rent,Education,1,0
75,59619,36,10907,8.690233841617045,Other,Business,0,1
21,32126,0,96825,18.455372163929848,Other,Home,0,0
64,84926,8,33780,20.536375421667707,Rent,Medical,0,0
78,60633,16,58879,7.978078898727644,Mortgage,Education,1,0
21,23317,0,86159,8.914272876679767,Rent,Home,1,0
37,64980,2,36085,17.20654820353914,Other,Business,0,0
27,64115,46,66499,17.998459008981516,Rent,Education,1,0
41,63158,25,21426,18.194292741141354,Rent,Medical,0,0
71,198703,30,49197,17.702065609844247,Other,Personal,0,1
52,125364,25,8485,11.034577489908392,Own,Business,0,0
43,35504,22,50527,11.081634511284602,Other,Education,0,0
54,177732,29,65600,7.860805343820773,Rent,Home,0,1
55,57196,9,99560,5.607175097616349,Other,Home,1,0
38,85938,7,92005,17.929279726128833,Other,Education,1,0
71,159677,43,82439,4.1433420773631955,Own,Home,0,0
57,77388,24,69748,23.569222596095976,Mortgage,Education,0,0
56,75501,21,59528,21.01378498444338,Rent,Business,0,0
38,47043,14,28799,21.722632019016892,Rent,Home,0,0
27,53635,40,47339,22.853382736149374,Own,Business,0,0
55,100691,9,17087,11.397914326634522,Other,Medical,0,0
63,53132,19,8446,21.474116637059225,Mortgage,Medical,0,0
21,35366,40,51460,5.635409906707935,Rent,Medical,1,0
77,113944,46,95817,2.4977612759894203,Mortgage,Medical,0,0
74,135267,22,59260,20.052502077268553,Mortgage,Home,0,0
62,59236,0,15877,3.720322903929604,Other,Education,0,0
37,24150,1,25723,24.736067348496196,Other,Home,0,0
34,131369,18,13943,17.520317880835787,Other,Home,0,0
72,39423,13,11306,19.329343335568428,Rent,Business,0,0
24,24137,7,37784,7.653488694390917,Mortgage,Education,0,0
21,49992,37,21455,17.498904060152828,Mortgage,Personal,1,0
46,130540,11,91027,2.9940585568640157,Rent,Personal,0,0
31,135140,25,72448,21.269991558242822,Own,Education,0,0
20,195993,26,30974,5.901354139726166,Other,Personal,0,0
41,141225,28,28371,18.039235537176722,Rent,Education,1,1
54,86917,14,99746,7.163051528352752,Other,Business,0,0
33,93690,45,4936,3.574422896798983,Mortgage,Business,0,0
75,54235,0,34166,13.074354606636069,Rent,Home,0,0
72,39122,42,26727,5.893582836274158,Own,Personal,0,0
69,43956,27,64969,18.777211731510643,Other,Education,0,0
21,83879,2,29368,7.464014397820152,Mortgage,Business,1,0
73,78560,17,69531,9.876868793424062,Mortgage,Home,1,0
79,130310,33,40097,15.051102779082877,Own,Personal,0,0
41,175732,31,35984,8.554270384278166,Own,Personal,0,0
51,21168,28,51859,10.693726672829118,Other,Personal,0,0
47,65124,24,45291,20.759300733928892,Mortgage,Business,1,0
35,186969,25,66228,6.121826539903591,Own,Business,0,0
36,166104,38,93099,3.8906365580844744,Rent,Personal,0,1
48,72797,7,23150,9.552229058059442,Own,Business,0,0
77,55294,18,23061,11.760665641319198,Rent,Personal,0,0
77,194899,46,30178,14.481163489141057,Mortgage,Medical,0,1
36,23516,41,57790,10.565745012025161,Other,Business,0,0
66,170823,21,66696,20.167969105124516,Mortgage,Education,0,0
63,50373,28,16648,2.904348216374885,Mortgage,Business,1,0
36,142026,32,62779,11.930653378566833,Mortgage,Personal,0,1
39,50270,37,37672,10.791886037097306,Mortgage,Education,1,0
41,161458,44,70109,16.89430528855776,Other,Home,0,0
62,85184,45,61521,24.224353793640105,Own,Education,0,0
29,57879,34,35593,13.73863435246383,Other,Education,0,0
47,69597,42,14786,24.69816747965957,Other,Business,1,0
75,190204,2,95036,8.951736083003542,Other,Education,0,0
55,23626,18,10815,2.7099670484766034,Other,Education,0,0
70,105936,9,22966,5.810252851957493,Own,Personal,0,0
48,101515,26,14794,11.087872349815049,Mortgage,Business,0,0
53,75390,14,32423,9.2756799113367,Own,Personal,1,0
36,167717,10,22302,4.232245012617686,Own,Business,0,0
65,74144,46,62064,11.951182476886487,Mortgage,Home,1,0
62,164454,25,87800,9.776662748169944,Own,Education,1,1
53,24025,23,86140,4.820242070521084,Other,Business,0,0
47,194298,12,28835,8.810694004073905,Other,Education,1,0
72,99380,31,74356,22.38802927317398,Mortgage,Education,0,0
66,138910,36,50282,8.947123906254824,Mortgage,Medical,0,0
72,116055,3,53714,18.42097473456719,Mortgage,Personal,0,0
50,146189,12,68035,16.07708283212838,Other,Business,0,0
35,154515,8,24814,11.825166735392552,Mortgage,Home,0,0
69,41395,48,25089,7.497589646484391,Own,Medical,0,0
66,30725,33,74162,10.487338084956745,Own,Personal,1,0
76,53461,36,56831,15.618465909833985,Rent,Home,0,0
45,61115,47,33746,10.067323939235164,Rent,Home,0,0
76,130084,6,82673,6.942617972207332,Mortgage,Education,0,0
64,103732,0,52940,4.678643224507539,Rent,Personal,0,0
28,99557,11,87796,22.234639571920003,Other,Medical,0,0
74,91260,20,37476,12.12719844229383,Other,Business,0,0
77,179762,10,27283,16.37979140008739,Own,Business,0,0
71,21407,43,2769,13.27943830614652,Own,Medical,0,0
62,93568,43,43278,22.06902992223316,Rent,Education,1,0
50,78560,43,47994,14.579501606308849,Rent,Education,0,0
34,198412,13,63898,13.057972612829607,Other,Home,0,0
23,168866,33,16634,23.26582277969939,Own,Personal,0,0
21,170953,33,11965,18.552860709043156,Rent,Home,0,1
37,195426,24,28566,4.5656478689777185,Other,Business,0,0
65,111288,3,53196,6.087202607526723,Own,Medical,0,0
64,139020,25,99679,20.103825847607162,Other,Personal,0,0
44,119301,15,49285,21.22458038713895,Other,Medical,0,0
32,34390,9,56499,14.539389069076819,Own,Personal,0,0
23,47307,44,20420,14.752470240932702,Other,Business,0,0
64,44502,1,26236,16.534458145583223,Rent,Business,0,0
31,42486,34,7218,12.099662808500709,Other,Personal,0,0
77,131813,18,50892,17.644579840129794,Rent,Education,0,0
28,189330,5,75031,4.495068924027561,Mortgage,Personal,0,0
56,123920,18,65057,24.109422574449887,Mortgage,Business,1,0
26,102768,7,79609,19.253560947283198,Mortgage,Medical,0,0
43,161820,13,77907,16.51700669220716,Other,Home,1,1
33,82785,9,84130,9.275407311218055,Mortgage,Medical,1,0
22,96050,2,12226,5.701976211504771,Mortgage,Business,1,0
74,42738,37,53271,11.414888168065726,Other,Medical,0,0
69,94231,28,11046,17.216265033203342,Own,Education,1,0
78,93606,14,38117,16.57532409873155,Other,Education,1,0
27,61662,22,5965,10.800746566508145,Rent,Personal,0,0
67,138313,22,60478,16.105587058161987,Other,Medical,0,0
20,35123,17,79872,20.716210798053595,Own,Medical,1,0
30,176688,45,58277,2.6045497637649624,Mortgage,Business,0,0
60,31182,18,86379,12.36428410239634,Other,Personal,0,0
66,110369,27,60613,19.446770254736194,Mortgage,Personal,1,0
47,182403,25,18373,14.561322820657676,Rent,Medical,0,1
79,197170,9,46452,16.98395002236861,Own,Home,0,0
71,46128,46,51089,13.883557029922867,Mortgage,Medical,0,0
62,51556,3,7654,24.813114527693152,Mortgage,Medical,0,0
23,172948,1,32280,3.2562953392478793,Mortgage,Medical,1,1
34,160021,2,57141,13.294030900764678,Mortgage,Education,0,1
76,71962,6,88943,4.102580629633907,Other,Personal,1,0
62,110054,15,68894,5.67506792861212,Own,Education,0,0
68,44099,30,27583,10.809882059620023,Own,Home,0,0
70,163788,9,95242,5.577422104511208,Mortgage,Business,0,0
36,189957,18,7360,24.164804817002974,Own,Home,0,0
59,73144,27,54968,23.77616486467866,Mortgage,Personal,1,0
52,27837,16,4743,9.730521863073887,Rent,Business,0,0
63,198371,27,8159,16.71419737686663,Rent,Home,1,1
43,170231,18,33151,14.276326373657081,Rent,Personal,0,1
68,145212,36,1518,20.758500551862678,Own,Home,0,0
22,136680,22,17652,16.43124902578967,Mortgage,Business,0,0
46,126802,19,79461,2.0058064532829283,Other,Business,0,0
54,122413,12,72011,19.553010869023993,Other,Home,0,0
37,71012,12,43348,19.177506789810717,Rent,Education,0,0
66,150193,42,76422,13.723622228029063,Rent,Home,0,1
38,168178,10,78001,22.76713638436024,Own,Home,0,0
27,78123,47,77757,22.894262730879237,Other,Home,0,0
22,131825,14,25395,14.049968564201135,Own,Education,0,0
53,28720,16,3335,15.983729317520366,Rent,Medical,1,0
23,188733,49,71112,24.920007654267465,Mortgage,Business,0,0
43,172192,27,1500,8.872865400662603,Mortgage,Personal,0,1
21,170862,18,93211,9.46619657316398,Mortgage,Business,0,0
79,78655,3,9083,6.2037997612604165,Rent,Business,0,0
56,113448,21,82256,22.604939600630964,Own,Medical,0,0
56,198446,21,6543,19.123232968833122,Mortgage,Business,1,0
67,193979,36,69812,4.429785524015563,Other,Business,1,1
52,140507,38,53237,24.58064907755321,Other,Education,0,0
18,54812,33,97171,18.81211928770567,Rent,Education,0,0
41,69570,32,90716,21.562008520914414,Other,Education,0,0
74,70901,43,7613,3.107468150983621,Other,Education,1,0
53,80186,41,67863,13.614101135669856,Rent,Education,0,0
23,142066,39,41540,18.067760594721904,Own,Personal,0,0
58,148364,32,77202,14.487771445152351,Mortgage,Medical,1,1
71,56160,11,27255,17.332891711083384,Rent,Home,0,0
63,39156,1,86666,20.811103462580867,Other,Education,0,0
77,96208,27,23068,10.609752448084512,Mortgage,Medical,1,0
61,169001,9,50057,21.519379539230325,Mortgage,Home,1,1
77,115377,21,19946,5.747070409601687,Mortgage,Business,0,0
74,62863,16,21547,8.230379265606619,Rent,Business,0,0
48,85439,25,86237,2.9969492583284927,Mortgage,Medical,0,0
37,158266,2,6769,10.381816660710776,Own,Personal,1,0
41,141361,6,25883,10.737919530954768,Other,Personal,1,1
42,116176,43,62340,20.52122373576677,Rent,Medical,1,0
53,49777,7,80199,17.02200541666209,Rent,Personal,0,0
38,177255,19,36162,12.044618837580332,Mortgage,Personal,0,0
47,178517,11,89388,16.998621508346208,Other,Business,0,0
41,107201,34,86924,3.214017061860897,Mortgage,Personal,0,0
61,167270,16,34434,6.14624532842265,Mortgage,Personal,0,1
59,172483,27,23102,16.419800670560363,Rent,Medical,0,1
47,35867,40,22536,16.751436842181953,Own,Personal,0,0
39,82501,9,78891,19.805097150270825,Other,Education,1,0
45,165338,21,68770,11.26899445823285,Other,Education,0,0
24,59422,37,51388,18.618744222171593,Other,Medical,0,0
52,186280,32,51775,17.73154764888436,Other,Education,0,0
72,141544,21,32147,24.15804770250653,Own,Business,0,0
45,182285,43,51526,6.947995207767621,Rent,Medical,0,0
31,158439,36,24659,14.688629966310708,Own,Personal,0,0
73,55362,12,83096,15.840582168540795,Mortgage,Education,0,0
27,71588,26,24088,24.968901353487077,Rent,Business,0,0
33,189357,14,69464,6.6272352698329895,Own,Medical,0,0
33,146683,21,60998,14.034014459247722,Other,Medical,0,0
71,56307,29,41382,9.962262077413694,Other,Personal,0,0
48,100280,42,29184,14.095538277316995,Rent,Home,0,0
59,170939,39,21099,7.338957848371436,Own,Education,0,0
42,76523,36,70810,3.0950847038322267,Rent,Business,0,0
30,157450,33,91506,15.169005439646844,Other,Medical,0,0
23,127669,43,92280,9.72464926479914,Own,Education,0,0
61,178998,33,38739,6.184652240213974,Other,Business,0,0
26,123215,47,9389,9.450518019794776,Rent,Business,1,0
62,118707,34,18352,3.133444633298133,Rent,Medical,0,0
53,164252,41,22148,23.860171384072377,Rent,Education,0,0
73,112837,18,32828,15.36640204438499,Rent,Business,0,0
60,138070,7,69040,20.739679670981573,Rent,Medical,0,0
37,188003,38,57795,11.731718543597799,Mortgage,Education,0,0
35,175086,32,59620,22.77623735402227,Rent,Education,0,1
75,99872,43,95279,13.116319095701828,Rent,Medical,1,0
60,107736,27,95430,15.200742410615396,Other,Education,0,0
74,25470,36,97531,13.311261541441107,Rent,Home,0,0
38,166025,47,58114,18.865400804955986,Own,Business,0,0
21,189579,24,41711,15.033089784847435,Rent,Business,0,1
67,112969,35,18748,8.246775242349148,Mortgage,Education,0,0
50,111493,16,89636,5.3474092204208645,Rent,Medical,0,0
44,26523,23,34691,15.940860944308486,Other,Personal,1,0
24,198833,20,89517,13.251139115581834,Own,Education,1,1
23,51169,1,66282,4.207441024010597,Own,Personal,0,0
32,65641,30,99244,11.099201713245174,Rent,Education,1,0
35,174062,43,61360,13.839857706010433,Rent,Personal,0,1
49,49661,32,11246,21.01854437798857,Rent,Education,0,0
73,164491,29,60395,3.750324284167334,Rent,Medical,0,1
28,34457,11,33486,10.015393009658068,Other,Personal,0,0
37,87600,43,31340,20.92109082233886,Other,Home,1,0
41,123619,11,85874,16.913750430746312,Own,Medical,0,0
32,96102,48,51300,8.669041401487096,Rent,Education,0,0
65,53085,23,4086,21.442707806520776,Other,Personal,0,0
24,117064,23,92071,13.345752352941924,Other,Business,0,0
38,157202,10,15860,13.462093500140593,Own,Medical,0,1
59,125723,12,18013,24.46150880160884,Own,Personal,1,0
43,153114,26,8407,23.783679574436704,Mortgage,Medical,0,0
61,90134,7,34542,10.246251717506409,Other,Personal,1,0
73,62982,9,25935,5.233319959250894,Own,Business,1,0
31,85185,7,50079,9.490334842396162,Other,Home,0,0
74,53477,19,35111,2.701114987161925,Other,Business,0,0
54,134161,7,57550,2.477661394338998,Rent,Education,0,0
75,72709,8,76697,11.097009133782642,Rent,Medical,1,0
38,179788,6,90117,23.643455922036384,Rent,Home,0,1
35,98137,13,98813,22.04121884834078,Rent,Medical,0,1
22,56018,27,87936,13.76318518010533,Other,Personal,0,0
20,159133,1,77955,15.000206766929105,Mortgage,Education,0,1
40,159681,42,41565,2.136470425159299,Mortgage,Education,0,0
43,55371,7,20283,6.956526584176607,Mortgage,Medical,0,0
54,103021,12,67470,2.569804919490826,Other,Education,0,0
41,171877,20,87916,19.354409251993914,Mortgage,Medical,0,1
66,27857,46,80552,5.349853308609449,Other,Personal,0,0
36,162692,27,39233,21.98808335696679,Own,Personal,0,0
68,28177,34,23695,16.79645921454313,Mortgage,Medical,0,0
42,181183,22,91488,7.276629559861407,Other,Business,0,0
38,108578,45,43734,5.627567292914744,Own,Business,0,0
29,109941,14,82257,16.43536812123022,Rent,Personal,0,0
74,31826,1,2505,22.71925054649344,Own,Home,0,0
78,164962,11,6363,18.522285035030777,Own,Business,0,0
58,102428,35,49708,10.016572986877685,Mortgage,Medical,0,0
50,146044,2,44614,15.509822691178885,Rent,Personal,1,1
67,95020,4,2010,9.147518993565692,Rent,Education,0,0
70,25495,2,20861,24.980440035909155,Mortgage,Education,0,0
21,48481,46,25125,19.223301334622576,Own,Business,1,0
59,162339,18,10369,16.130777714405333,Other,Home,0,0
74,137897,1,70393,11.734960283614072,Mortgage,Business,0,0
24,157815,43,27671,16.21750267596982,Own,Home,0,0
39,123475,36,76400,9.8571694367487,Other,Business,1,0
72,199845,16,65512,2.6638913075347075,Mortgage,Education,0,1
50,77042,13,99026,11.087036014202555,Mortgage,Home,0,0
34,69476,27,76656,23.40105885033694,Rent,Education,0,0
41,48552,26,86759,16.404925179798916,Rent,Medical,1,0
78,196844,9,98686,3.930981170630737,Rent,Medical,0,1
78,194802,2,45138,22.354853108085596,Other,Personal,0,0
51,180020,35,54420,8.184121534854842,Mortgage,Education,0,1
45,89093,37,69089,7.606698340902732,Rent,Education,0,0
75,89123,24,16489,8.83309228194738,Rent,Personal,0,0
60,36535,21,60789,15.275651430897021,Mortgage,Medical,1,0
58,86490,47,70925,14.527826148981463,Other,Medical,0,0
56,66562,38,50703,13.30251635632628,Rent,Home,0,0
39,139042,46,88486,18.50334786079042,Own,Home,0,0
66,109080,29,77625,9.280367820704058,Other,Medical,0,0
34,61269,20,59228,19.987483996165917,Rent,Business,0,1
51,100674,29,4051,6.03239860270778,Own,Education,1,0
23,62462,27,39090,20.000278148771212,Rent,Home,0,0
63,154199,30,29805,17.267632420756506,Other,Business,0,0
23,43147,25,95978,17.71379111959449,Mortgage,Home,0,0
51,196600,42,45557,13.07572813392698,Mortgage,Personal,0,0
18,97095,21,3555,17.34103525165989,Other,Education,0,0
27,110925,20,51241,3.8353320708675205,Rent,Home,0,0
38,86381,0,79303,21.585675692135446,Other,Medical,0,0
22,119468,36,66994,3.2775863702158583,Own,Personal,0,0
19,83749,12,17066,5.421054727044442,Rent,Personal,0,0
39,189744,20,5721,15.266163295436435,Other,Medical,0,0
65,33731,45,78982,19.006463475503907,Mortgage,Personal,1,0
74,144647,8,7304,3.75378597996383,Other,Education,0,1
19,71024,16,43967,23.177590724813356,Rent,Home,1,0
27,136712,46,79763,24.392975922416067,Other,Personal,0,0
51,121121,20,41462,15.936853979177354,Mortgage,Education,0,0
33,23832,30,72834,13.068599473667241,Own,Medical,1,0
65,52332,38,51155,19.052084362434243,Other,Home,0,0
68,32467,21,76842,9.552219103525726,Other,Medical,0,0
78,61025,11,3589,13.345081984417448,Own,Home,0,0
56,164179,5,38078,23.07147361673123,Other,Personal,0,0
39,97994,15,55918,23.980074780555274,Mortgage,Personal,0,0
29,114202,25,14601,23.322589669177255,Own,Home,0,0
41,63481,4,8711,8.036305540168325,Mortgage,Education,0,0
64,153653,8,87900,7.346787924985558,Mortgage,Education,0,0
57,95118,45,60430,8.846283636374228,Mortgage,Education,0,0
55,144010,39,64327,12.150155584934584,Rent,Business,0,0
77,143714,13,96146,9.225850494215162,Own,Education,0,0
76,159490,43,4970,10.606894301998333,Rent,Personal,1,1
27,180185,41,70535,16.27464989877747,Rent,Business,0,0
52,104363,29,87570,19.538090573161444,Other,Education,0,0
68,143607,25,37176,18.917838560162092,Own,Personal,1,0
66,83044,44,42730,20.731742042820496,Other,Business,0,0
49,31814,28,83168,2.7402412739542497,Rent,Personal,0,0
24,119340,18,14385,3.0978771626113897,Other,Home,1,0
38,30024,46,6950,20.155808095838474,Mortgage,Personal,1,0
37,129236,7,74511,14.260812913466534,Rent,Business,0,0
43,77836,22,54009,15.297235496528767,Mortgage,Education,0,0
21,27435,41,87850,3.209497784930673,Own,Business,0,0
63,90601,34,24398,7.872217426939231,Other,Education,1,0
69,140871,30,26277,16.68214901236599,Rent,Education,1,1
39,154479,34,27761,21.76118347254555,Own,Medical,0,0
32,118943,31,65435,23.090618135172257,Mortgage,Home,0,0
73,52940,4,64944,13.50964840420688,Other,Medical,1,0
57,25666,15,32533,14.545907352978546,Other,Business,0,1
38,57122,16,73502,21.16014151458679,Rent,Medical,0,0
32,138647,31,73123,14.365365817189156,Other,Education,0,0
39,176164,37,23880,13.8877460873583,Other,Business,0,0
69,149753,31,71627,22.816932868501937,Mortgage,Medical,1,1
45,143402,19,42753,20.16845258428524,Mortgage,Personal,1,1
31,121190,47,97666,22.908668106309776,Mortgage,Home,0,0
44,120468,1,83597,7.019682259966538,Own,Personal,0,0
78,149207,19,88829,14.060636193073204,Own,Business,0,0
58,46505,46,2561,21.376858957647233,Other,Medical,1,0
57,56713,17,54205,4.556400031743506,Own,Education,0,0
75,63169,0,60810,20.27722954876112,Rent,Medical,0,0
45,97511,28,65482,6.208387818541998,Mortgage,Business,0,0
43,60522,28,70192,20.586731364662388,Own,Business,0,0
66,119397,18,88154,16.076021563807966,Other,Business,0,0
19,23880,43,87066,6.444427804151944,Mortgage,Business,1,0
42,194526,39,88408,12.887146124654425,Own,Medical,0,0
73,63539,5,29330,17.683818828597747,Mortgage,Personal,0,0
79,34799,43,17139,16.578616720321477,Own,Education,0,0
20,124843,38,33977,11.8266855133292,Other,Education,0,0
25,68784,49,5983,22.68543016518132,Own,Home,0,1
61,133034,45,40909,13.94305853322042,Own,Business,0,0
50,194405,7,65480,13.634947866159832,Own,Business,1,0
59,191900,23,50029,3.431763568653448,Mortgage,Business,0,0
69,74362,19,22329,23.208768965345655,Own,Personal,0,0
52,73997,13,37734,6.073681079602579,Own,Business,0,0
23,170145,4,43837,14.151927949040747,Own,Home,1,0
56,122399,40,75354,20.482054832207133,Mortgage,Home,0,1
69,34549,39,77454,6.955425369979796,Other,Personal,1,0
40,76920,33,67786,14.129585669329344,Other,Business,0,0
42,171388,15,5758,7.535752912136839,Other,Medical,0,0
76,177255,44,68699,19.472984949397972,Own,Medical,0,0
67,113860,6,83673,14.979846861082466,Mortgage,Education,1,0
60,44624,15,98639,21.6874447890883,Other,Personal,0,0
36,66705,6,22832,22.574834066179804,Other,Medical,0,0
22,109326,26,2868,16.92087009624416,Other,Education,0,0
68,177828,13,51665,18.68399866165572,Rent,Home,0,0
28,80390,13,42862,14.632062297397866,Mortgage,Education,0,0
73,88369,43,20728,10.841860860549806,Rent,Business,0,0
29,29589,32,94565,16.906712229479197,Own,Business,0,0
27,133012,32,40857,22.890638340208564,Other,Home,0,0
25,165188,43,29183,11.583648749923073,Own,Personal,0,0
41,93181,19,89321,9.231430606597293,Mortgage,Business,0,0
77,195858,46,19940,10.934049586709204,Own,Business,0,0
45,143711,35,6280,12.01414549486679,Own,Education,0,0
58,96425,6,3164,3.691903666487473,Other,Education,0,0
53,181358,31,93724,13.464162330004871,Mortgage,Education,0,1
54,35994,47,80624,13.369227705151372,Own,Medical,0,0
38,131915,2,19405,15.534208035732032,Rent,Home,0,0
25,142961,38,3821,10.344860700840623,Other,Personal,0,0
72,124672,28,56090,16.101474706978564,Rent,Education,0,0
26,46639,23,23516,22.198975136306668,Other,Personal,0,0
64,37205,21,11473,23.975832781388778,Own,Education,0,0
32,76677,5,47454,15.423080971244142,Other,Business,0,0
65,52930,47,43530,2.979591941317201,Own,Personal,0,0
63,93313,23,78714,24.292427937143508,Rent,Medical,0,0
57,133153,39,93554,18.234827400613895,Own,Education,0,0
35,38316,22,83633,9.727163916734,Other,Home,1,0
59,178376,37,80632,5.384627122165638,Other,Business,0,0
77,116058,9,70081,5.298628081434323,Other,Education,1,0
37,107876,15,25798,5.858121341210863,Rent,Personal,0,0
23,105366,10,1863,3.048167997117867,Mortgage,Education,1,0
29,33403,31,17148,22.749546339016966,Rent,Business,0,0
19,100052,44,87545,14.437669355028735,Own,Home,1,0
24,93495,5,55459,18.099066492418256,Own,Home,0,0
33,183004,23,84345,21.046495713171073,Rent,Home,0,1
20,116090,32,85224,20.205443145663605,Rent,Business,0,0
62,56701,11,67189,22.299929345763356,Own,Education,1,0
20,154457,26,9129,24.246856318073892,Own,Business,1,1
44,77241,37,92954,12.09862413906461,Own,Business,0,0
67,161439,17,24118,23.85771573337298,Mortgage,Education,0,0
60,85030,44,1443,18.635668811884777,Mortgage,Medical,0,0
57,197577,38,28041,3.6253683770858047,Rent,Home,0,1
55,184404,12,90379,17.681011787883946,Rent,Personal,0,1
50,186340,39,22053,17.79448317091152,Mortgage,Personal,1,1
45,176635,29,97384,22.834792967228122,Other,Education,0,1
18,125185,48,38204,10.577439046812117,Mortgage,Personal,0,0
72,56404,40,43240,15.45296450625181,Rent,Medical,0,0
25,75182,12,94749,2.280313673270078,Mortgage,Business,0,0
54,52991,33,62102,9.637730570170728,Other,Home,0,0
49,124601,35,9291,3.4316057016519617,Rent,Personal,0,0
77,198735,29,17285,14.003078373592631,Own,Personal,0,0
65,85886,24,93422,20.801295961659925,Rent,Education,0,0
60,142002,1,62589,6.748181918968586,Mortgage,Education,0,0
54,103848,35,14944,14.131144047828904,Mortgage,Business,0,0
21,175199,17,89876,6.692198639747643,Other,Home,1,1
47,77692,4,96561,4.77583476046353,Mortgage,Personal,0,0
23,57500,18,55391,13.752926214489877,Other,Business,1,0
63,53785,41,2607,3.8204182818437356,Rent,Home,0,0
71,104146,17,3953,15.509156516173755,Mortgage,Business,0,0
36,67997,31,45941,2.720761595564704,Rent,Personal,0,0
49,27170,20,72469,4.454444352972637,Own,Education,0,0
26,164375,9,77922,14.64994216620923,Own,Education,1,1
29,91743,36,62683,15.602370496675018,Other,Education,0,0
28,55187,48,71218,2.6666993921564357,Mortgage,Medical,0,0
63,152965,21,12154,15.187666124035845,Rent,Business,0,0
72,164825,12,10047,21.28555808244365,Rent,Personal,0,0
33,58090,16,89529,18.61327207776094,Mortgage,Business,0,0
18,79412,8,76874,5.017257390178369,Rent,Education,0,0
62,76030,23,15323,15.626916893963143,Mortgage,Business,0,0
72,37509,43,38693,17.461807501706907,Mortgage,Home,0,0
70,88653,13,59730,2.856317640302711,Own,Business,0,0
38,188001,45,90170,21.672996379723322,Mortgage,Medical,0,1
47,149626,7,27292,22.844150137666094,Rent,Medical,0,0
30,199363,36,46111,21.560402287331947,Mortgage,Education,0,0
51,24042,18,76453,20.966523763749606,Own,Personal,0,0
21,57201,27,76681,19.134199564600546,Own,Home,0,0
45,34016,45,96253,16.568936719485084,Other,Personal,0,0
55,45022,40,40491,17.608421114729794,Rent,Personal,1,0
75,47938,29,50336,20.54709174670461,Mortgage,Home,0,0
48,194750,6,17905,17.237464542310008,Rent,Medical,0,1
76,138171,25,31273,9.537720003687632,Rent,Education,1,1
72,81720,39,27234,10.64710534971114,Mortgage,Business,0,0
44,125514,45,79885,22.63232177256272,Own,Medical,0,0
22,153058,45,67538,2.3938079733347237,Rent,Education,0,0
42,96478,10,33573,18.072873368618488,Other,Medical,0,0
20,163233,13,94339,23.959883705779955,Rent,Home,0,1
50,171761,20,65320,18.243247909033393,Own,Personal,0,0
21,147101,7,12330,24.859975729330987,Other,Home,0,0
42,114699,2,93040,17.813532827151608,Other,Business,0,0
37,119273,27,81516,2.790349671987805,Other,Home,0,0
51,83745,28,73553,21.02122727787924,Other,Personal,0,0
43,152283,22,42353,8.54648797460434,Mortgage,Medical,0,0
79,151301,17,17011,12.259316190282142,Mortgage,Education,0,1
79,138972,34,84537,9.178114065862887,Mortgage,Business,1,1
22,199614,12,61985,8.176744442822628,Other,Medical,0,1
52,165417,11,18044,11.922331184405063,Own,Education,0,0
78,121489,46,39292,10.711283314135496,Rent,Personal,1,0
45,51819,49,6250,16.566787382379555,Other,Home,1,0
46,67779,4,24289,20.702477622712742,Own,Medical,0,0
26,112244,38,34087,8.833039023306537,Rent,Education,0,0
69,85584,10,76952,6.9155865149064,Other,Education,0,0
55,171022,10,91695,17.338591230017872,Rent,Home,1,1
67,166245,46,37368,17.417361514107977,Mortgage,Medical,0,0
23,78032,41,71815,22.72601850358195,Mortgage,Medical,0,0
36,135074,46,91693,2.3667507884261494,Mortgage,Personal,0,0
77,119273,30,62040,21.61993522867973,Own,Medical,0,0
61,48036,30,59900,13.98304997781221,Mortgage,Home,0,0
74,91356,12,16494,16.289948050958273,Own,Medical,0,0
28,165364,13,46166,4.10154313291254,Mortgage,Personal,0,1
19,23052,48,92110,11.95014345605705,Mortgage,Education,0,0
64,64377,44,26333,7.227955366486047,Mortgage,Medical,0,0
61,87819,41,34050,7.847175691897709,Own,Home,0,0
61,133689,24,98799,13.59418763754863,Rent,Medical,0,0
26,166692,32,99075,20.686486859271586,Own,Business,1,1
38,50461,32,80566,19.10696139333169,Other,Personal,0,0
41,40750,14,89257,15.592999058976938,Other,Education,0,0
51,29472,15,49070,14.406618433329742,Own,Business,1,0
39,89263,43,6166,11.82803899439327,Own,Home,0,0
20,132036,37,8121,24.372329391911887,Rent,Medical,1,0
29,45523,5,15677,14.884428747387366,Own,Personal,0,0
45,181838,43,57561,7.841227161181108,Mortgage,Medical,0,0
47,123262,24,97777,7.29208821692091,Rent,Medical,0,0
43,86060,14,82909,16.06111970782826,Own,Medical,1,0
65,29079,3,88409,14.02503312815136,Own,Medical,1,0
38,159471,3,38664,2.177049467958394,Other,Personal,0,0
45,80726,29,2293,21.091503560502925,Rent,Business,0,0
73,112906,33,23443,18.194814147345998,Other,Home,0,0
43,36532,26,50212,17.22207366259638,Own,Business,0,0
79,142689,30,85131,3.581955127046156,Rent,Personal,0,0
50,63162,31,76276,10.327284553967303,Mortgage,Home,0,0
38,154821,43,13559,23.51379199685408,Own,Education,0,0
52,31353,38,66231,21.839552550851366,Own,Business,0,0
69,132313,8,40044,8.567487570999269,Other,Personal,0,0
51,48477,40,22747,5.61235433428019,Mortgage,Personal,0,0
58,175642,7,74509,12.329023014877272,Own,Personal,0,1
68,106373,13,81869,10.1840987093562,Other,Home,1,0
64,162509,32,31129,17.691206664237797,Other,Medical,0,0
35,189176,22,1037,24.228000631939352,Own,Education,0,0
75,24551,20,98847,10.349033349598914,Rent,Home,0,0
28,88359,11,49503,3.431155971001566,Own,Home,1,0
74,163988,1,29207,22.64512219187486,Mortgage,Business,0,0
40,146150,12,34241,2.8728437955170287,Own,Education,0,0
65,192517,3,1058,23.91361563452666,Rent,Personal,1,1
39,67636,19,69172,17.285326844207916,Other,Home,0,0
34,49685,49,97171,23.658851794164832,Mortgage,Education,0,0
22,71134,47,15834,6.5921727929265,Mortgage,Business,0,0
61,108916,13,82113,2.9360952908375753,Mortgage,Medical,1,0
28,127967,29,28190,13.228829500359312,Mortgage,Education,0,0
47,114455,28,73832,12.36433853511288,Rent,Personal,0,0
32,191065,7,22383,9.624322284862306,Rent,Home,0,0
44,195405,11,25660,24.026098910940043,Rent,Medical,0,0
52,69756,40,3674,20.91942583971294,Rent,Business,1,1
50,142863,37,23820,17.216386491638644,Other,Personal,0,0
37,81192,25,86040,5.745740707670038,Own,Medical,0,0
78,68733,49,26666,18.88943838902607,Rent,Business,1,0
33,45993,1,44794,18.72128645809365,Own,Personal,0,0
51,181564,39,3076,11.776567993168172,Mortgage,Home,0,0
19,172053,13,65854,23.270075923422315,Other,Business,0,1
52,44143,5,53342,5.84049129126724,Other,Medical,0,0
57,127044,41,38555,8.148763935468278,Own,Personal,0,0
73,148406,39,56208,3.4541598027645737,Own,Education,0,0
45,89351,30,33406,20.295372038084512,Own,Personal,0,0
64,90309,16,62572,16.30046588019414,Other,Medical,0,0
56,163518,24,41262,9.24362703066874,Rent,Medical,0,0
23,181805,31,92320,5.767714262669253,Other,Education,0,0
26,139156,11,87661,2.9233987106610284,Rent,Medical,0,1
37,96000,48,24216,5.835148078396541,Mortgage,Personal,0,0
77,199704,12,69117,12.425546865766139,Rent,Business,0,0
18,41576,18,82136,7.685070287243941,Own,Personal,1,0
25,23320,43,31284,7.956590080935235,Rent,Medical,1,0
72,161822,47,21171,22.13825643335743,Rent,Education,0,0
40,123002,24,91627,13.848166489605314,Other,Education,1,0
20,46572,30,15333,18.772795381953536,Own,Home,1,0
21,37948,36,31535,2.821351827647291,Mortgage,Education,0,0
75,136528,24,90023,10.39875718059466,Rent,Education,0,1
42,189898,15,76940,13.020894990095162,Mortgage,Medical,1,1
64,109051,37,34700,6.287587669834248,Own,Business,0,0
55,47867,42,84583,4.76440545324739,Rent,Business,0,0
32,64678,48,42516,22.016986905496378,Other,Medical,0,0
38,127561,22,16577,23.60692742329532,Mortgage,Education,0,0
52,32963,13,90834,3.8125540550443704,Other,Personal,0,0
74,69434,5,16015,10.02743038847619,Mortgage,Business,0,0
70,86617,24,92104,24.040569447322895,Own,Medical,0,0
70,171341,22,92740,3.9127198620466923,Rent,Personal,0,0
63,137569,42,98284,16.803751576210704,Mortgage,Education,1,0
69,117352,11,92803,24.36109153224113,Other,Medical,0,0
31,99732,12,22236,24.499144377371614,Mortgage,Business,0,0
53,127648,35,99151,12.838136610786094,Mortgage,Personal,0,0
29,101494,38,67640,5.7432294789947544,Mortgage,Personal,0,0
34,97225,33,84190,6.647939244481093,Mortgage,Business,1,0
56,102867,5,46704,22.460832087861075,Mortgage,Personal,0,0
26,188600,37,43369,22.968709099583926,Mortgage,Business,0,0
52,98972,49,4646,15.98123180909176,Other,Medical,0,0
77,116261,39,88007,19.62205718780796,Mortgage,Home,0,0
30,110748,7,26906,19.01841878381939,Mortgage,Education,0,0
32,184404,7,87643,17.221896753749462,Mortgage,Medical,0,1
35,144481,39,48728,21.0273699620546,Rent,Education,0,0
68,149529,32,15878,17.764352329927384,Own,Education,0,0
50,22251,33,10145,14.282053032192485,Own,Business,1,0
23,196789,43,89578,7.449996339527606,Own,Home,0,0
76,119108,14,19226,19.109427314728237,Other,Education,0,0
44,178099,35,3802,12.889070960280312,Other,Education,1,0
40,117382,34,25119,8.780208732172714,Other,Medical,1,0
76,29583,45,64560,20.444764342060832,Mortgage,Home,0,0
44,70387,21,58353,18.024412808119653,Own,Home,1,0
51,43104,22,93721,23.5588099518681,Mortgage,Education,0,0
73,32224,39,63126,5.805157720434188,Rent,Home,0,0
63,80624,44,72641,16.931353546639343,Own,Medical,0,0
55,124320,21,52712,7.617507766028048,Rent,Business,0,0
31,180371,4,53189,22.782408661937758,Rent,Education,0,0
53,98572,30,58784,4.288486527902161,Mortgage,Personal,0,0
70,105469,12,69285,17.091721548232176,Own,Education,0,0
25,97928,27,43949,20.19497159514469,Rent,Education,1,0
79,24141,19,35129,10.163110328388266,Own,Business,0,0
52,174422,32,25512,23.94517582582761,Rent,Personal,0,0
36,90871,15,80031,21.566805745478856,Rent,Personal,0,0
47,156149,28,64554,8.776220892752779,Mortgage,Personal,0,1
31,66015,22,3064,2.1734451324679696,Own,Business,1,0
76,191929,23,96614,8.8231150507154,Mortgage,Home,0,0
37,79902,33,52567,8.470140820827078,Mortgage,Personal,0,0
66,25577,6,31011,22.469185972520908,Mortgage,Home,0,0
42,40002,37,72152,24.243787099859194,Mortgage,Medical,0,0
57,70711,36,74511,3.620119677315988,Mortgage,Business,0,0
41,59451,3,11960,12.839781056266284,Rent,Home,0,0
31,179719,33,94528,14.611635966185302,Own,Personal,0,0
43,54831,41,59920,4.136968210583175,Own,Personal,1,0
55,116498,21,22387,10.682447310163019,Mortgage,Home,0,0
40,148949,4,16324,9.292895600037864,Own,Home,1,0
39,115119,49,64960,14.329296149523008,Rent,Medical,0,0
65,86830,41,72779,17.207390693834576,Mortgage,Business,0,0
74,100632,22,33628,18.180157541421032,Other,Education,0,0
36,56833,14,76096,5.145365543107913,Other,Medical,0,0
63,44398,30,48452,20.69779714472629,Rent,Medical,1,0
68,81554,8,42098,17.606466685187456,Rent,Medical,1,0
20,70755,42,71459,22.44872308517455,Other,Personal,0,0
59,168778,24,40235,12.334729367014983,Mortgage,Home,0,0
36,173412,24,87861,22.559464542610407,Rent,Business,1,1
26,84994,48,28949,21.912804814189734,Other,Personal,0,0
45,83884,20,23821,12.0834146442632,Mortgage,Medical,1,0
37,104361,8,72612,10.766296251738508,Rent,Business,1,0
62,37482,47,23032,23.454676344315907,Own,Personal,0,0
24,74225,37,74537,18.448788894384066,Own,Education,0,0
31,94854,21,16303,23.34964296807574,Own,Medical,0,0
26,61256,42,82993,20.3304199146037,Mortgage,Personal,0,0
76,128721,22,13303,16.013841103702532,Rent,Personal,0,0
77,101110,48,51701,4.664613871086583,Other,Medical,0,0
72,133606,3,51511,8.704055469319265,Rent,Education,0,0
74,34650,28,81664,24.283375363263005,Own,Home,1,0
77,197190,14,19280,9.346708270426703,Own,Education,0,0
36,48930,0,40427,4.144862005063528,Mortgage,Medical,0,0
64,120400,29,98180,18.273727186144356,Other,Home,0,0
69,31801,28,7967,18.88209785450474,Mortgage,Personal,0,0
31,71360,19,7661,8.565527566604468,Other,Education,0,0
73,107908,32,78952,8.846455524964986,Rent,Education,0,0
55,167631,40,67046,12.78453866670203,Mortgage,Home,0,0
70,52334,43,36200,2.5011458445318775,Mortgage,Personal,0,0
78,33288,35,68442,20.15442923830676,Mortgage,Education,1,0
53,173470,21,62671,9.293042107304888,Own,Home,0,0
57,32191,12,92070,21.636551346045483,Own,Education,0,0
34,38051,6,59168,20.460499696800774,Other,Personal,1,0
47,81715,7,49322,17.21224676173201,Rent,Personal,1,0
26,30737,27,82984,9.47212194328364,Mortgage,Business,0,0
50,85140,44,38696,13.87528091820691,Own,Home,0,0
73,176323,42,71246,12.231072924753057,Mortgage,Medical,0,0
69,25147,8,39892,9.794283383719506,Other,Education,0,0
42,70508,24,16583,21.507134653973097,Other,Personal,1,0
31,72224,15,83720,13.1206627152863,Rent,Education,0,1
28,39643,9,56215,21.15263124933437,Other,Education,0,0
70,58967,10,25853,4.4200249052619585,Mortgage,Medical,0,0
52,123535,30,7109,5.243570137807722,Rent,Personal,0,0
58,60733,11,60757,24.478367017598465,Rent,Business,0,0
76,54808,30,7659,15.51867463994006,Own,Home,0,0
31,78959,13,2238,13.724702490478126,Mortgage,Education,0,0
47,152921,43,16064,14.032589452314568,Other,Medical,1,1
58,88178,31,32115,6.951181802755776,Own,Medical,0,1
21,132255,49,32952,18.53019083854538,Mortgage,Home,0,0
76,106322,16,6620,3.9499543457843505,Mortgage,Home,1,0
21,64565,34,45258,15.186445401369534,Rent,Personal,0,0
45,171255,0,5470,15.127682321475731,Rent,Education,0,0
25,21132,28,23003,23.026333755070752,Mortgage,Education,0,0
19,189331,3,28571,14.102204632411787,Own,Home,0,0
58,83668,22,25668,5.15244200740613,Rent,Business,0,0
78,189635,27,78259,15.173324962707738,Rent,Education,1,1
63,128835,15,97576,4.100535820402644,Mortgage,Medical,0,0
39,162003,11,33046,6.6872582118981985,Mortgage,Home,0,1
58,93169,20,71977,2.715497436310571,Rent,Education,0,0
73,120417,44,78255,13.805752396568462,Own,Personal,0,0
72,21044,16,6397,3.9442501517521644,Rent,Home,0,0
33,197763,39,84481,12.796070706220569,Mortgage,Medical,0,0
46,44363,12,23233,23.457735812455315,Rent,Personal,0,0
79,66694,31,84336,18.554512499444638,Mortgage,Home,0,0
66,152654,36,61308,3.78046850718174,Rent,Home,0,1
65,41301,49,70726,7.156825680803393,Mortgage,Education,0,0
47,94329,14,64219,17.494235657548987,Mortgage,Personal,0,0
29,21620,11,2130,22.578142803556226,Own,Home,0,0
52,82224,48,15071,2.7571274955709364,Mortgage,Medical,1,0
28,115419,14,86517,20.686376029573662,Rent,Personal,0,0
63,188606,33,3118,14.9217192477811,Mortgage,Education,0,0
67,140050,5,1663,14.56010048181703,Other,Business,0,0
38,190462,16,63408,24.029703203327234,Rent,Home,0,0
38,75856,47,52786,19.19582608972578,Own,Business,0,0
22,75809,48,82271,21.552733965290575,Rent,Home,1,0
65,42259,19,20158,10.141898099527335,Own,Education,0,0
37,40655,8,32087,14.750372939053426,Other,Education,0,0
54,184077,4,89114,16.154330580838728,Own,Education,1,1
20,182701,22,54121,9.396430628336697,Mortgage,Education,0,0
61,174682,32,20874,15.115706873790188,Other,Personal,0,1
50,41602,37,84443,7.443073728033418,Other,Personal,0,0
70,105945,13,41821,5.2976404345695105,Own,Home,0,0
78,162182,16,61582,10.601315963378651,Rent,Personal,0,1
26,157145,18,23787,19.00366146116805,Own,Home,0,0
78,120846,32,65703,23.072304405699413,Own,Personal,0,0
26,100818,0,22705,12.527423184459348,Other,Personal,0,0
21,161267,12,70381,16.78494483033493,Mortgage,Personal,1,1
52,21537,45,45653,4.369854012427311,Rent,Medical,0,0
34,168210,26,83018,22.80266644670356,Own,Education,0,0
51,195400,5,92626,15.077896912108491,Mortgage,Medical,0,0
41,197274,5,87217,19.94777969537861,Mortgage,Personal,0,0
49,191236,32,33252,20.272147621192058,Rent,Personal,0,1
18,146545,29,74332,7.899052106466436,Mortgage,Medical,0,0
25,109743,45,73799,14.171012423182539,Own,Home,0,0
62,106155,34,63185,24.09103428590248,Other,Education,0,0
40,140198,22,79313,4.061594530879039,Mortgage,Home,1,0
64,175917,9,42538,17.710147654679957,Other,Education,0,0
57,109846,18,21343,24.132073794808957,Rent,Business,1,0
29,50562,27,81398,8.91327348524251,Rent,Education,1,0
71,48036,22,42232,21.813302192300007,Mortgage,Home,0,0
29,94233,3,54106,23.474123544390245,Other,Education,0,0
63,103049,19,82227,19.182982816080976,Own,Business,0,0
64,88681,18,54079,7.32055118306004,Other,Business,0,0
32,47818,41,26028,9.682016533011659,Mortgage,Personal,0,0
58,181616,26,43135,2.823613771607807,Other,Business,0,0
36,82532,33,32066,21.12342438764317,Other,Medical,0,0
43,77705,3,99717,21.54105728975484,Rent,Home,0,0
69,40104,37,84470,16.55233712922243,Mortgage,Medical,1,0
46,144336,6,21910,10.10814057906858,Other,Medical,0,0
39,147904,47,8141,3.766653635718172,Mortgage,Home,0,0
57,89603,6,46950,19.320325028042916,Own,Medical,0,0
38,122499,49,56723,18.710102453028227,Mortgage,Medical,1,0
68,79025,25,17225,22.989857999994722,Own,Medical,0,0
55,52317,25,88123,18.80223648312333,Mortgage,Business,1,0
37,182488,18,33959,21.05998367161204,Mortgage,Home,1,1
74,193084,8,50192,19.15695621179199,Other,Home,1,1
46,125585,19,80711,16.505805331183275,Other,Home,0,0
68,172472,41,11051,11.820227066393212,Own,Medical,0,0
21,68270,44,72428,22.74869809877239,Own,Business,0,0
72,139415,49,4449,16.972277153871808,Rent,Home,0,0
24,100206,15,42095,11.162172405215909,Other,Education,0,0
45,89468,16,78929,3.9197937891850163,Own,Home,0,0
45,196881,21,30190,8.686211685800789,Other,Personal,0,0
21,189400,12,98069,14.50571490109379,Mortgage,Education,0,0
39,187856,11,27141,8.339613510372473,Rent,Home,0,1
29,43723,9,24908,7.088413002111748,Other,Medical,0,0
62,80646,0,33322,14.130050824020485,Other,Home,0,0
20,20074,31,51710,5.905867955601895,Other,Business,0,0
39,46498,29,15012,20.409431456477378,Other,Business,0,0
61,116881,7,35889,13.140467480881133,Own,Home,0,0
19,171613,20,18412,15.198843801140955,Own,Medical,1,1
41,65929,21,97150,5.389815154739017,Rent,Medical,1,0
51,143199,17,25657,9.46525571947545,Mortgage,Medical,0,1
44,46028,1,6656,11.432062715006516,Mortgage,Home,0,0
72,49545,47,9967,20.58889510187957,Rent,Home,0,0
58,99569,43,85958,19.71366903098151,Mortgage,Personal,0,0
18,51673,8,16764,7.128481920116672,Own,Business,0,1
25,182046,2,16873,16.17211887696118,Other,Education,0,0
40,174169,25,95485,7.599496228755944,Mortgage,Education,0,1
55,122511,20,52030,24.72968458087564,Other,Business,0,0
23,113144,29,68807,23.898849197010023,Other,Personal,1,0
39,84824,27,2607,14.95508857197427,Own,Business,0,0
42,43525,35,20523,18.07475915356529,Other,Personal,1,0
35,77804,25,49447,20.432898790798838,Mortgage,Personal,0,0
34,166115,33,50757,18.58296366103279,Own,Medical,0,0
78,61846,7,94526,18.096059894895678,Rent,Business,0,0
29,97261,9,70201,24.046742182839147,Own,Education,0,0
23,188455,47,82844,15.718490445067516,Mortgage,Home,1,1
43,49483,42,72388,16.63496145183828,Own,Home,1,0
44,27265,49,6462,21.533181260078166,Mortgage,Business,0,0
25,42763,13,32795,17.407489960743355,Mortgage,Home,0,0
36,35733,39,70806,18.857450306403017,Own,Personal,0,0
77,132196,14,49465,7.385879782522776,Mortgage,Home,0,0
59,111038,16,62109,10.539139254646631,Rent,Personal,0,0
18,57420,17,91027,5.387930951373539,Mortgage,Personal,0,0
74,160319,31,51528,13.632605173700526,Rent,Education,1,1
46,174912,37,37230,12.481730215645666,Rent,Home,0,0
62,41058,22,49242,24.934744728427507,Mortgage,Education,0,0
66,54929,45,66883,16.057799014757478,Other,Home,1,0
52,182434,22,99366,20.088230933471735,Rent,Personal,0,1
57,106489,34,2783,9.682337427426047,Rent,Home,0,0
31,104664,38,29390,21.12554262088432,Own,Education,0,0
52,198428,14,9417,16.146954229216718,Rent,Medical,0,1
65,97597,23,73102,18.030823626764082,Rent,Education,1,0
62,26041,27,18426,8.77190789283745,Rent,Medical,1,0
37,98209,15,31750,14.618683008998275,Rent,Business,0,0
73,172131,15,59188,16.582850388513,Other,Education,0,0
66,119864,39,11872,15.549177543781363,Rent,Home,0,0
30,195794,38,95231,23.04945536276503,Mortgage,Medical,0,1
78,168620,5,49086,22.66027128332873,Other,Home,1,1
55,166150,1,67770,24.332633331168022,Rent,Medical,1,1
66,156491,12,95368,17.350844138160756,Mortgage,Education,0,0
63,186562,43,84514,24.354024992890746,Mortgage,Education,1,1
66,135158,46,89177,21.146994000733905,Other,Home,0,0
79,181409,8,93663,8.229139227819063,Other,Education,0,0
25,21468,33,35720,11.831020399679833,Mortgage,Home,0,0
60,44309,16,19079,7.483026170347225,Other,Personal,1,0
37,92255,26,18338,2.0965346991029996,Other,Medical,0,0
77,101899,28,4291,6.325121322378898,Own,Home,1,0
50,48718,36,75084,2.09339348459814,Other,Medical,0,0
43,188913,42,50393,18.55628461106127,Own,Personal,0,0
56,197732,21,94558,11.78728884758759,Other,Medical,0,0
38,126553,23,70770,9.189218722790741,Other,Home,1,0
70,70281,6,27720,19.519580495189324,Mortgage,Education,0,0
66,133451,33,14368,21.147195816251838,Own,Medical,1,0
79,20767,47,55313,24.43188938894724,Other,Medical,0,0
59,154967,11,48969,16.766312447530545,Rent,Personal,0,1
60,78026,22,49838,12.615166046421189,Other,Business,1,1
71,138142,14,9734,9.021078936971026,Mortgage,Education,0,0
79,62968,32,13197,7.113318811927205,Mortgage,Home,1,0
58,191169,12,69895,6.897296861099828,Mortgage,Personal,0,0
26,166404,22,57831,11.411355618555373,Own,Home,0,1
41,165693,37,59073,24.811086171622385,Own,Home,0,1
54,96870,31,73925,2.0196350410602752,Own,Medical,1,0
66,38174,44,81488,6.535735636313018,Rent,Personal,0,0
58,144357,49,95611,6.333038595282198,Own,Personal,0,1
34,119189,34,85475,18.493748167242725,Mortgage,Education,0,0
41,60502,0,51302,10.107148734755421,Own,Business,0,0
38,56674,46,16624,12.516998505611873,Own,Home,0,0
68,57260,44,68271,5.418355000807814,Other,Education,0,0
76,193570,4,25315,11.314931894169797,Own,Education,1,0
56,91805,12,18422,4.373595673834229,Other,Home,0,0
72,37194,4,40137,14.259995621437412,Own,Medical,0,0
58,177883,31,73663,4.252582403805686,Other,Medical,1,1
56,92377,20,49232,20.181692766982593,Mortgage,Home,0,0
30,150864,23,79142,15.031839503431259,Own,Personal,0,1
28,63723,17,33743,18.65126109679089,Mortgage,Business,1,0
63,96298,20,16636,11.625876893011728,Own,Medical,1,0
36,79238,9,91884,10.774299744571229,Rent,Business,0,0
28,125433,23,11108,4.258804448123863,Rent,Education,0,0
30,127092,39,74634,14.04867896198492,Mortgage,Education,0,0
63,22147,46,37180,13.833549791713116,Mortgage,Home,1,0
62,58445,20,19883,12.766347022340923,Rent,Home,0,0
18,126170,24,45400,19.031922387696333,Rent,Home,1,0
57,153085,22,46999,21.147601200744152,Other,Medical,0,1
61,105617,21,48951,19.268162523815686,Own,Business,0,0
36,73502,3,8160,5.308912084557408,Rent,Education,0,0
29,137116,33,56262,16.307368713488486,Mortgage,Business,0,0
25,57755,5,20929,3.8474314308592676,Mortgage,Medical,0,0
25,159805,27,84133,17.976312611130957,Rent,Business,1,1
78,29479,30,12123,10.782299220905914,Mortgage,Business,1,0
70,95361,34,29357,5.047475994124592,Own,Home,0,0
62,172376,38,71496,21.82716971045094,Other,Business,1,1
29,186766,41,34556,16.12219179789556,Own,Business,0,0
78,144232,22,84791,10.158674262793133,Other,Business,0,0
65,125586,5,62934,2.7067251319614893,Other,Personal,1,0
50,101171,15,79886,14.358135957083041,Rent,Education,0,0
62,134151,1,31881,23.23419520518335,Mortgage,Education,1,0
43,106296,23,19409,15.716736152154411,Other,Business,1,0
56,160562,16,56416,24.347963906248342,Rent,Home,0,1
45,172324,44,99171,5.138375720220546,Mortgage,Home,0,1
75,157934,0,68982,15.071017405681248,Mortgage,Home,0,0
22,89959,5,31657,20.35687610414788,Other,Education,1,0
25,161522,4,87743,14.087436815891472,Mortgage,Medical,0,0
42,76022,44,49951,4.094526187711869,Own,Business,0,0
44,81991,49,9752,15.406378035586007,Mortgage,Education,0,0
63,191999,28,14440,16.06997183437685,Own,Home,0,0
40,69853,11,45864,18.760312714933107,Mortgage,Education,1,0
47,51826,38,50691,19.5078648488059,Other,Education,0,0
62,62879,46,73035,19.727771828843967,Other,Education,1,0
64,92361,2,87675,17.25922105369622,Rent,Home,0,0
40,97990,47,81303,6.963657287629138,Own,Medical,0,0
66,109787,0,23343,11.297422384308025,Own,Personal,0,0
64,60736,26,94248,19.85098937013117,Other,Business,1,0
37,44530,47,20673,23.928820618218705,Other,Business,0,0
35,198130,23,60954,3.815780191242306,Other,Education,0,0
35,126080,43,55698,14.317343589335481,Own,Medical,0,0
19,94255,18,96024,9.188012240459049,Rent,Home,0,0
21,155958,7,27520,7.184059569287085,Own,Personal,0,0
47,146598,43,16784,13.633645720953446,Other,Personal,0,0
50,138623,46,39079,15.940054832800344,Rent,Education,0,0
53,57387,1,45220,2.2247613226480687,Mortgage,Education,0,0
35,172647,29,21491,19.94475116062739,Mortgage,Home,1,1
54,132260,29,49720,20.857289018967297,Other,Home,0,0
36,190715,48,15718,24.20674896506246,Rent,Home,0,0
64,161172,38,36597,6.154805864167984,Other,Education,0,0
45,158928,44,62217,15.674708934301805,Own,Medical,0,0
57,189241,31,99351,11.812383589957074,Own,Education,0,0
37,179876,0,27832,9.701040585773065,Rent,Education,0,0
66,186862,37,55818,15.009569383062606,Other,Personal,0,1
50,50988,12,98398,19.994811144141657,Other,Home,0,0
29,96448,10,13864,2.530214019239833,Mortgage,Business,0,0
75,189578,9,89378,24.296202589022297,Rent,Home,1,1
68,133430,47,9177,20.627276471231347,Other,Medical,1,0
32,163377,25,47115,19.276535183848303,Own,Medical,1,1
58,161041,19,57210,19.48890979015158,Other,Home,0,0
56,32404,16,52954,10.948396321229009,Other,Home,0,0
19,160061,16,12844,19.287272669430717,Own,Education,1,1
46,187055,3,75130,10.895714797868026,Own,Business,0,0
58,190534,4,14418,22.670257080220242,Other,Education,0,1
27,39360,22,35854,6.076114816048802,Own,Personal,0,0
19,105657,45,89644,8.723990756948485,Mortgage,Personal,0,0
68,177359,9,76955,14.68076348207875,Mortgage,Medical,1,1
28,54160,45,89075,9.341853825407266,Mortgage,Medical,1,0
30,26789,27,44950,11.757456641791288,Own,Business,1,0
27,178253,32,66227,13.325721856167677,Own,Medical,1,0
31,165457,42,13835,21.696127022710698,Own,Personal,0,0
35,102597,25,18533,14.033421832999935,Rent,Business,0,0
68,85641,49,96051,10.33657651813489,Own,Personal,0,0
71,64247,47,88858,7.697931772807663,Mortgage,Home,0,0
26,106673,28,11223,11.399547512220536,Mortgage,Home,0,0
74,25544,26,11273,13.861930401530508,Mortgage,Business,0,0
56,164347,17,34519,19.160641715674437,Rent,Education,1,1
45,83248,39,25160,4.784121851963789,Other,Medical,0,0
20,54550,9,75385,7.09701132950047,Mortgage,Business,0,0
37,73693,41,92192,10.732042364979483,Rent,Medical,0,0
23,148924,4,49988,10.289163317748836,Other,Personal,0,0
44,170713,9,11348,11.01020601491987,Rent,Education,0,0
70,100021,49,84460,20.250989086727465,Rent,Medical,1,0
19,35605,20,68519,9.455551268129982,Other,Home,0,0
46,70713,23,91426,13.543658149261287,Own,Home,0,0
55,171462,37,15629,16.34986175573162,Own,Personal,0,1
20,95403,2,50056,7.340106654222918,Mortgage,Business,0,0
33,78466,39,12273,18.529993904393393,Other,Medical,0,0
47,23981,30,98275,14.583560353980463,Mortgage,Personal,1,0
57,160565,40,41416,12.275966749721695,Rent,Home,1,1
19,135631,36,8894,20.62503261498122,Own,Home,0,0
34,139238,1,47073,7.600390961259186,Mortgage,Home,0,0
58,115335,1,46693,22.313047324129432,Mortgage,Education,0,0
79,127441,38,52466,14.904120913434186,Own,Education,0,0
29,36984,48,25343,16.01102222573214,Rent,Home,0,0
52,145580,41,44095,22.126356175885686,Mortgage,Business,0,0
60,131316,43,32174,20.80440182053473,Mortgage,Education,1,1
18,173832,33,51801,15.835927582903707,Other,Medical,0,1
72,152596,41,73436,19.323317188508003,Other,Education,0,0
62,138454,19,70336,11.966348275356628,Own,Medical,0,0
32,69402,32,43926,14.589688330494164,Own,Education,0,0
43,111656,3,73590,3.4276131442957563,Rent,Home,0,0
54,85614,44,39827,4.066732114001077,Rent,Medical,1,0
38,186963,43,45775,21.076784296285638,Mortgage,Business,0,0
79,111009,10,42201,3.3724480806974233,Other,Education,0,0
66,190904,41,30373,5.896179889549968,Rent,Education,0,0
48,65836,46,28525,20.304151155860154,Mortgage,Home,0,0
42,164434,4,73651,2.0263568644498946,Mortgage,Medical,0,1
40,188993,24,97643,8.495299563454878,Own,Home,0,0
41,169634,48,31486,15.4328891300123,Other,Medical,0,0
74,151049,36,79604,15.695348423793822,Mortgage,Education,0,1
55,96407,33,19640,19.874516889277892,Own,Education,1,0
45,27610,8,98694,13.63630385331992,Mortgage,Education,0,0
38,129381,5,62455,13.716242999212318,Other,Education,0,0
71,35791,17,37136,18.68214323743611,Mortgage,Personal,0,0
60,78047,13,63425,13.46836265512452,Mortgage,Education,0,0
35,170737,18,57539,15.995294990963187,Rent,Education,0,1
53,90246,13,82664,22.648803569866175,Rent,Medical,0,0
52,197523,39,25942,11.233373175084555,Own,Education,0,0
62,106148,16,69363,10.85787663114211,Mortgage,Education,1,0
72,65890,34,59596,2.0816268128897404,Own,Medical,0,0
26,157866,28,82526,16.108804014988333,Other,Education,1,1
70,52888,41,36255,2.6847538703640357,Own,Education,1,0
55,157821,16,63129,13.595415263751274,Mortgage,Home,0,1
75,66531,42,86523,20.49737714774121,Rent,Personal,0,0
47,135652,7,63286,14.648184621952252,Rent,Medical,0,0
77,40608,0,87437,8.201631799983549,Own,Home,0,0
61,100986,44,17277,20.081873693335538,Rent,Business,0,0
51,103996,35,2643,8.203491093898393,Mortgage,Business,0,0
49,76017,6,24729,18.85973096175567,Mortgage,Personal,1,0
20,77676,45,87623,16.03594446937532,Other,Business,0,0
20,31560,4,22818,5.909914825204028,Rent,Personal,0,0
45,70468,23,66555,22.81807912141627,Rent,Business,0,0
61,183535,27,99979,6.614804708015501,Other,Business,0,1
32,182735,42,54629,24.760502705235407,Own,Home,1,1
58,53123,16,56438,2.1681412390636376,Other,Business,0,0
40,114346,36,10457,8.06011767428677,Rent,Personal,0,0
57,160790,19,60629,6.596786837306573,Own,Education,1,1
28,20028,2,34922,2.3218484339206404,Mortgage,Education,1,0
65,67599,36,10820,18.84446170338826,Mortgage,Education,1,0
49,168469,25,33750,17.948793448290715,Other,Personal,1,1
75,65406,14,38790,20.2240721801634,Mortgage,Personal,0,0
76,67657,47,89405,7.904066568685001,Rent,Education,0,0
74,87560,7,35421,12.21970884290831,Other,Business,0,0
71,124143,12,69038,17.15961099729559,Rent,Education,0,0
53,164575,47,83201,12.114675589427303,Rent,Medical,0,0
77,74943,2,63325,18.038492717312064,Own,Personal,1,0
50,95839,0,26600,16.58138839413017,Own,Medical,0,0
41,102674,8,30394,4.636899469510059,Own,Medical,1,0
56,45345,30,80622,19.963991784770265,Mortgage,Personal,0,0
51,70390,40,37171,18.57555625912792,Own,Education,0,0
73,79557,25,62526,17.084190915200324,Rent,Home,0,0
45,21906,16,14149,5.567152944233054,Other,Medical,0,0
54,191239,33,31394,8.163918322293364,Other,Education,0,1
24,27961,8,15396,11.04307172651481,Rent,Home,0,0
21,177212,12,24324,8.438381298098198,Mortgage,Medical,0,0
54,139289,4,48198,7.239636685551023,Other,Education,1,0
73,97567,40,83705,20.523226413720842,Rent,Medical,0,0
18,100664,12,92779,16.679341666284657,Rent,Education,0,0
18,101199,0,32016,15.005859025655758,Rent,Business,0,0
64,119764,24,4194,7.196912349624839,Other,Business,0,0
37,142357,46,33398,23.115760932178752,Other,Personal,1,1
36,100729,3,5789,6.397209899238274,Own,Home,0,0
46,179633,35,86695,20.283871454967574,Own,Medical,1,1
27,70568,9,65967,24.23347133422174,Rent,Medical,0,0
77,129349,27,62134,18.72313277215743,Rent,Education,0,0
35,93302,5,71886,24.835751829246483,Rent,Home,1,0
45,114968,26,99837,16.974175690492775,Rent,Medical,1,0
52,180576,11,25977,7.001587902889585,Other,Home,1,1
60,136116,47,1129,6.68784835547976,Own,Home,0,0
64,57146,2,60683,9.464978537875956,Mortgage,Business,0,0
48,60297,45,46331,2.163990465083139,Rent,Medical,0,0
44,106394,32,35626,17.679064811905196,Own,Medical,1,0
79,147173,9,49503,8.179359046440034,Rent,Personal,1,1
28,145942,30,28549,20.749214342733314,Other,Home,0,0
66,36939,14,13342,10.260970962863906,Mortgage,Education,0,0
66,64460,6,37417,13.038999349656192,Own,Business,0,0
55,163738,35,77514,24.210845080888493,Own,Personal,0,0
22,82119,13,53249,7.569958830087373,Mortgage,Business,0,0
25,186393,47,53664,18.58884424088401,Other,Education,0,0
51,152851,13,9833,19.367709154024595,Mortgage,Personal,1,1
65,164258,2,61658,7.082957623043609,Own,Business,0,0
69,167531,48,30473,13.522927242080499,Mortgage,Education,0,0
73,25057,45,1737,10.054644282198272,Other,Personal,0,0
29,169805,49,95965,19.75384359820205,Other,Education,0,1
55,39157,2,47647,16.317116337667862,Rent,Personal,0,0
18,55030,21,65054,12.947610261792581,Mortgage,Medical,1,0
48,170685,18,2299,19.92535509609752,Mortgage,Medical,0,0
21,128612,34,64281,7.4085781101935915,Own,Business,0,0
66,135080,11,66875,19.33330325344026,Other,Home,1,1
62,103028,4,33920,21.90360917813496,Mortgage,Home,0,0
67,156260,9,55836,22.208296726574165,Own,Education,0,0
22,49680,40,43381,20.024492639450887,Rent,Personal,0,0
47,122302,32,85971,11.384325840960182,Mortgage,Medical,0,0
73,56445,12,99730,24.58158452251002,Mortgage,Home,0,0
41,25796,34,57298,10.730653807916116,Own,Medical,0,0
76,67218,31,25509,16.68838417935579,Own,Education,1,0
20,190203,10,43095,5.704706095597779,Other,Education,0,0
28,159195,47,52524,24.550324668637032,Other,Personal,0,0
62,159294,37,67909,18.191676202887255,Other,Home,0,1
21,44074,23,73618,19.327683540666474,Mortgage,Education,0,0
43,136088,34,26532,3.512864178456326,Own,Education,0,0
44,180897,18,61285,19.55860972707545,Other,Medical,1,0
63,56839,5,19866,19.81863887207383,Mortgage,Business,0,0
71,127112,39,8593,17.450772706331286,Other,Home,0,0
60,147514,44,10495,8.713921117177904,Rent,Personal,1,1
44,88322,43,8837,13.262870969700275,Mortgage,Personal,0,0
59,76321,41,77708,4.539990540100479,Other,Medical,0,0
68,130100,34,19680,12.84650252856051,Other,Personal,0,0
67,177060,3,56476,7.607948609809311,Rent,Education,0,0
23,55507,32,31346,10.029230689363887,Rent,Home,0,0
76,119244,12,24412,5.739809393285068,Other,Personal,0,0
78,145788,35,89399,7.291250458178632,Other,Home,0,0
32,115251,42,31804,3.7610787618626738,Own,Personal,0,0
70,43806,18,66206,23.15773142804919,Other,Business,0,0
47,150364,42,11934,14.199445823434278,Other,Business,0,0
59,56901,11,31723,11.125065339043013,Own,Home,0,0
54,168115,10,21405,14.30567189368203,Own,Business,0,0
75,160824,5,19748,16.450744255075712,Other,Business,0,0
78,193688,11,71766,23.203212247495028,Own,Education,0,0
54,72127,26,47413,6.109937902585206,Mortgage,Personal,0,0
59,20453,40,23354,8.797707468610005,Rent,Business,0,0
77,95432,24,75490,24.44315473591464,Mortgage,Home,0,0
54,142872,41,89675,10.537438692916062,Rent,Education,0,1
52,107362,2,18388,2.5189179674185356,Rent,Business,1,0
40,30976,2,37523,5.3958003306546525,Other,Home,0,0
23,134176,19,58693,2.6057901402166963,Rent,Personal,1,0
21,119122,27,36732,24.768232275676755,Mortgage,Business,1,0
35,90404,22,42646,8.41402952679813,Other,Home,1,0
77,101932,47,22021,23.2414834095332,Own,Home,1,0
26,117170,2,94238,24.905384342473464,Mortgage,Medical,0,0
66,97707,41,53776,15.796348086291626,Other,Home,0,0
46,184760,23,20116,2.7635152465079202,Rent,Medical,0,0
30,113789,42,73009,3.87660749889932,Mortgage,Personal,0,0
76,116516,39,89271,13.076548267481188,Rent,Personal,0,0
64,153089,5,77620,11.341956296964177,Other,Education,0,0
79,27957,19,45771,15.942078032980657,Other,Medical,0,0
69,127724,10,29756,12.093499623361371,Own,Home,0,0
34,155864,31,83604,23.48376753324414,Own,Education,0,0
62,33237,26,95452,14.299013454510755,Mortgage,Education,0,0
49,71586,20,3919,17.955699413636168,Own,Personal,0,1
65,39252,43,24550,22.619161270777422,Rent,Home,1,0
39,161779,47,37524,5.37805314416377,Rent,Medical,1,1
21,185278,49,55606,7.283897044726157,Own,Personal,1,1
22,23543,12,69819,4.468329190902346,Own,Education,0,0
54,195207,21,71227,5.211683182287983,Own,Business,1,1
58,124647,34,24212,13.789431239487362,Mortgage,Education,0,0
66,55031,46,41118,9.387122956251673,Mortgage,Business,1,0
30,194001,21,29602,11.732975309115362,Rent,Personal,0,0
51,85747,27,18540,24.59726613126342,Mortgage,Medical,0,0
62,75311,20,36829,5.604199999306807,Mortgage,Home,0,0
39,85867,45,57309,14.43867762835574,Other,Business,0,0
70,108780,17,66403,4.274036566233972,Rent,Home,0,0
76,77196,30,72455,9.32541520506921,Rent,Personal,0,0
40,93705,45,23277,14.133096244515768,Own,Personal,0,0
68,77894,36,60673,23.772530157202766,Other,Personal,0,0
20,107640,20,18676,10.998249089520108,Own,Medical,0,0
59,34591,13,43844,3.492854012937406,Mortgage,Business,0,0
51,117247,24,65708,10.92771330308729,Rent,Home,0,0
49,199965,26,10752,5.352047045101488,Mortgage,Education,0,1
62,20727,39,82548,7.289761105703242,Mortgage,Personal,0,0
68,172431,22,75711,16.21608433279478,Other,Home,0,0
75,63822,30,41670,3.5507489226846785,Other,Home,0,0
66,123399,46,68603,12.68864639375086,Rent,Medical,0,0
38,132113,28,32478,16.017616478247582,Rent,Business,0,0
63,150431,46,27439,11.70274302445243,Other,Medical,1,1
61,162001,29,35747,2.439906064345798,Other,Medical,1,1
38,148588,25,30810,24.666945208765906,Other,Home,0,0
61,80091,19,19302,10.443662648832312,Other,Business,0,0
28,174591,37,67236,19.90727529946514,Rent,Business,0,0
56,168465,18,65467,9.489869320311424,Rent,Business,0,0
21,185390,26,35841,12.925385410848634,Mortgage,Personal,0,1
68,114192,24,45713,10.93466378005292,Mortgage,Business,1,0
18,199006,39,50546,9.878402278720976,Mortgage,Home,0,1
45,130805,37,4048,2.502581675778911,Rent,Personal,0,0
41,179912,22,34290,10.280481570653581,Own,Education,0,0
78,138089,28,59906,22.45826977918919,Mortgage,Medical,0,0
52,109367,14,77637,17.879046787654723,Own,Business,0,0
30,33265,2,30778,5.344725759195116,Own,Education,0,0
64,156496,9,28425,15.596565106323002,Own,Business,0,0
51,171697,14,84388,22.521309778824044,Other,Medical,0,1
28,99622,15,91036,18.100782942191675,Rent,Home,0,0
53,180259,16,59176,5.419741024204025,Rent,Home,1,1
68,55929,18,13674,21.960147424893425,Mortgage,Medical,1,0
78,81892,10,63402,8.935512305643904,Mortgage,Education,1,0
34,171611,47,89731,12.44375131918386,Rent,Personal,0,0
52,76630,4,90907,14.101283472850366,Other,Personal,0,0
77,160287,4,34053,21.56165190069849,Rent,Business,1,0
35,190457,13,12957,23.426972388396205,Own,Medical,0,0
57,151025,49,73644,23.38201618918279,Rent,Medical,0,1
39,107580,25,54616,2.182946169406435,Other,Personal,0,0
74,97462,7,18829,23.203435168465518,Rent,Education,0,0
41,133396,4,6837,3.250900218036164,Rent,Medical,0,0
75,117037,6,65141,8.112794106801013,Rent,Home,0,0
36,115310,15,16032,13.844720658740158,Own,Home,0,0
54,176080,13,27352,13.038290847101063,Mortgage,Medical,0,0
56,68928,36,31215,15.908325259410017,Other,Education,0,0
38,109876,40,57319,13.027263260951134,Own,Home,0,0
25,44976,3,75642,23.49064063172968,Rent,Education,0,0
45,144984,35,42247,7.532623508935501,Rent,Personal,0,1
22,178698,47,95302,8.302567962885174,Mortgage,Business,0,0
34,118256,16,44048,23.176972520940293,Mortgage,Personal,0,0
54,120537,46,76532,3.7650088161408934,Mortgage,Business,0,0
53,155772,35,67714,16.019898903810628,Own,Home,0,0
71,129331,5,36319,17.67992689750905,Other,Business,0,0
36,27526,15,17025,13.627459638884007,Mortgage,Business,0,0
44,123863,28,10780,17.967333212932154,Rent,Medical,0,0
70,190572,35,23706,5.973356858275241,Other,Business,0,0
51,93366,37,43916,21.61054135374542,Rent,Medical,1,0
28,76096,36,76503,5.220590857807368,Rent,Business,0,0
71,158982,47,31856,11.218686219262242,Other,Medical,0,0
62,91185,47,10179,3.7309248300887337,Own,Home,0,0
64,70248,9,39623,14.539854812800204,Other,Home,1,0
29,153023,40,18587,17.404153570789703,Mortgage,Business,0,0
71,99888,35,24733,23.648097607191684,Other,Education,0,0
38,114533,28,89306,19.00473250560802,Mortgage,Home,1,0
71,61954,13,4975,14.445367078445475,Mortgage,Personal,0,0
28,109719,3,79455,23.450191394917677,Other,Personal,0,0
56,159876,43,76138,13.004047274940161,Other,Medical,0,1
45,20595,41,46463,14.907730021273995,Mortgage,Education,0,0
22,49592,35,43154,15.710266136412201,Rent,Medical,0,0
34,60643,49,76676,11.429533695391036,Other,Business,0,0
73,82665,44,87706,21.285101883013954,Own,Home,1,0
37,171895,12,29830,6.259046593436359,Mortgage,Education,0,0
58,25972,45,73126,14.761370378546983,Rent,Medical,0,0
63,35882,17,47745,18.611364892305463,Other,Medical,0,0
75,174841,32,31609,22.791451953161275,Other,Personal,1,1
29,45020,20,18401,22.330123117988403,Rent,Business,0,0
23,193820,15,28729,13.701026656893264,Own,Medical,1,1
34,122621,14,46167,16.792713376756858,Mortgage,Personal,0,0
68,105374,4,95181,11.067467930973923,Other,Education,1,0
36,64912,5,58391,12.768088546244607,Own,Medical,0,0
43,32879,37,95583,22.844113229180138,Mortgage,Personal,1,0
65,53798,2,59171,23.406191843426903,Own,Business,0,0
61,127791,47,89096,22.594523335541453,Mortgage,Home,0,0
61,197145,11,7647,5.182529821713679,Mortgage,Education,0,1
69,95791,35,22106,21.55193249060463,Own,Medical,0,0
49,86983,32,7015,23.812365813494047,Mortgage,Personal,0,0
23,194077,35,22506,10.308742975192908,Other,Medical,1,0
72,153922,32,25067,13.928864656698392,Other,Home,0,0
75,179472,30,3056,19.919190883698906,Own,Medical,0,0
53,31953,20,98255,14.92779716400992,Own,Medical,0,0
55,126410,26,30328,24.850120999243735,Mortgage,Personal,0,0
28,145155,26,78712,12.481407398607052,Mortgage,Home,1,1
50,174607,7,53832,18.420682357769685,Own,Education,1,0
79,101029,36,43771,20.229596224520517,Rent,Personal,1,0
41,24055,31,98421,13.364309562444108,Own,Home,0,0
40,58170,25,87805,21.71062753136164,Rent,Home,0,0
32,119976,1,47515,14.561555597765519,Rent,Medical,0,0
44,48251,11,65538,11.467968326437523,Own,Business,0,0
28,155604,21,69650,4.479944498594781,Own,Business,1,1
74,155996,16,79978,11.048512256059755,Own,Education,0,0
68,68037,6,41151,18.880538458865537,Rent,Medical,0,0
67,112115,42,2629,23.18958746864247,Other,Business,0,0
34,97926,3,84463,7.788626288787137,Other,Personal,0,0
68,90400,36,97853,10.17041689860156,Own,Education,0,0
70,119525,37,90432,5.541102864401803,Own,Medical,1,0
31,121164,31,29155,17.886626567266283,Mortgage,Personal,0,0
44,161774,10,19288,24.08433389022828,Mortgage,Business,1,0
35,126732,0,51588,16.741901056508038,Mortgage,Business,0,0
45,35385,24,87951,16.192760190143204,Own,Business,0,0
68,29336,41,37085,14.730268401509981,Other,Business,0,0
64,85421,23,12251,4.03448203576734,Other,Home,0,0
64,182297,42,26574,18.778588007875822,Own,Education,0,0
21,56021,16,10623,15.847139501635068,Own,Education,0,0
24,154854,7,87472,17.213965683694603,Rent,Business,0,0
62,137369,44,55715,22.672655139630695,Rent,Education,0,0
52,69111,26,7123,20.031098102403412,Other,Personal,0,0
65,109402,17,4061,19.961050799554098,Mortgage,Personal,0,0
26,139774,26,40095,23.325226684224994,Other,Education,1,1
25,62719,21,60618,24.76850388364899,Rent,Business,1,0
69,145695,15,29451,15.36950283510437,Other,Medical,0,0
62,154585,1,82897,4.504277168716812,Rent,Business,0,1
34,164407,4,82443,12.559987878835036,Rent,Home,0,0
34,195212,17,35814,20.11482636861782,Mortgage,Medical,0,0
66,124126,2,86141,2.6376824695225314,Mortgage,Home,0,0
50,97658,26,98792,3.3084110821914283,Rent,Education,0,0
49,185912,16,77868,3.5446289948048904,Own,Home,0,0
25,51007,15,38832,18.81382244155115,Mortgage,Education,0,0
36,126833,5,96012,13.526832456952958,Rent,Home,1,0
55,138637,6,10445,10.484652700973653,Own,Medical,0,0
20,140721,49,34490,4.4291920410199275,Own,Home,0,0
76,113220,13,30767,18.84152575473545,Other,Business,0,0
22,46393,37,47057,9.383455642670693,Other,Education,0,0
30,77480,39,81746,8.102453611487345,Mortgage,Personal,0,0
64,137243,14,90695,17.003341635731672,Own,Home,1,1
63,108290,46,74100,14.857250529727361,Mortgage,Education,0,0
78,124263,46,42043,10.335444761705938,Rent,Personal,0,0
48,160179,47,87755,16.754211828528526,Mortgage,Education,0,0
72,25993,32,28946,8.238094968834718,Own,Education,0,0
33,113650,42,37587,20.281096016899518,Other,Personal,0,0
67,137595,26,4364,7.27433585707604,Mortgage,Personal,0,0
49,72066,28,70854,5.65326699378636,Other,Medical,0,1
39,131850,36,57088,19.996106418474124,Mortgage,Home,0,0
46,62942,4,78015,18.281516706052464,Rent,Home,0,0
39,36138,28,8398,6.200696441141364,Own,Education,0,0
60,138558,31,3452,4.673652311868573,Mortgage,Business,0,0
20,195599,5,88208,21.283179035193918,Rent,Business,0,1
71,29190,1,34193,19.861765090523825,Rent,Education,0,0
27,112259,5,80401,9.526919595092277,Rent,Medical,1,0
59,98422,45,26345,17.138540388907433,Other,Personal,0,0
79,102315,42,86895,4.8556842905996485,Other,Education,0,0
38,49086,3,75335,13.662096158096597,Rent,Home,1,0
33,168394,28,60196,2.430796717389657,Rent,Business,0,0
29,145604,24,24053,11.006843261195776,Mortgage,Business,0,0
19,120814,8,84220,3.721384893842317,Mortgage,Business,0,0
58,139324,2,6015,12.928385143608297,Own,Medical,0,0
41,148921,25,98201,11.69867787761657,Mortgage,Home,0,1
52,23435,47,9657,12.220855612675289,Own,Medical,0,0
73,121505,42,52116,3.0426199471038635,Own,Personal,0,0
47,73331,26,22951,10.317175849482146,Own,Education,0,0
74,180014,35,98599,19.39912852929808,Other,Education,0,0
47,180131,31,99279,10.485030587133263,Mortgage,Business,1,0
64,133457,0,27521,18.448954910020355,Rent,Business,1,0
52,72389,15,55431,10.498010643575865,Own,Personal,0,0
36,73014,47,11731,11.734507154274288,Rent,Medical,0,0
67,183898,10,19744,14.96951859507312,Own,Home,0,0
25,50297,25,64094,23.865684546562896,Mortgage,Personal,0,0
43,63890,39,19423,4.5037902728730685,Own,Education,1,0
66,41322,0,18568,2.757016679206995,Mortgage,Education,0,0
57,55739,25,48411,15.98301522763104,Rent,Medical,0,0
24,160791,27,4934,23.829233045353806,Mortgage,Personal,0,0
47,99553,8,77945,24.763632048758442,Rent,Home,0,0
24,28314,43,97946,13.135777690016042,Mortgage,Personal,0,0
20,113831,21,97344,12.765877284957265,Own,Personal,0,0
18,95164,7,9172,16.83416672713951,Own,Medical,0,0
53,127658,48,28358,14.779599415714305,Mortgage,Home,1,0
42,97028,41,67313,16.584025325124717,Rent,Education,0,0
54,56113,26,20763,22.101986787371565,Rent,Business,1,0
18,137174,38,49673,19.165041898215016,Rent,Home,1,0
32,166429,18,97706,13.428180008796298,Mortgage,Education,0,0
54,40365,24,86997,12.622882557003901,Mortgage,Medical,0,0
30,59029,37,68975,16.710840215801667,Mortgage,Home,0,0
57,21737,20,8804,12.481244541666841,Mortgage,Home,0,0
25,151042,23,48594,12.528925079109717,Rent,Education,0,1
22,105474,23,79748,2.3750357410896106,Rent,Education,0,0
77,98218,18,88189,6.003475160368094,Other,Personal,0,0
26,178571,49,88507,13.23581371990232,Mortgage,Personal,0,1
18,148692,46,68525,20.92102955815849,Other,Home,1,1
53,197229,1,74404,8.410721154723856,Mortgage,Business,0,0
52,148411,13,25604,14.020798962016428,Other,Medical,0,0
19,192106,31,23135,9.93412794946234,Rent,Education,1,1
57,20294,41,97080,4.410491759410547,Rent,Personal,0,0
40,44596,31,38918,24.040865110639913,Other,Medical,0,0
26,118185,27,51849,21.65749901575694,Own,Home,0,0
51,31434,47,31847,3.8053257627388475,Mortgage,Education,1,0
63,78382,38,44774,18.555107036770547,Other,Education,0,0
31,58098,39,61709,9.994337800222503,Other,Personal,0,0
21,24655,41,11680,24.88154556242123,Own,Business,0,0
47,103029,46,96619,8.955165956066487,Rent,Education,1,0
48,66228,39,56037,7.490984243339798,Other,Business,1,0
55,23771,12,59914,15.061482611024319,Rent,Medical,0,0
28,94099,11,27309,21.207901756893694,Mortgage,Education,1,0
52,140811,7,11349,6.427934051855353,Own,Education,0,0
25,82257,14,76079,18.316263703544617,Rent,Business,0,0
20,37558,25,61820,3.4123514122457985,Other,Personal,1,0
31,78436,11,75996,23.135499091541437,Own,Home,0,0
77,127779,42,35553,3.864723071387872,Own,Medical,0,0
30,144891,45,29525,23.02732165591574,Own,Education,0,0
62,52376,26,6948,13.288566737412165,Own,Personal,1,0
49,97924,17,15498,12.306095594306157,Own,Education,1,0
51,49332,44,19991,24.38606282850866,Mortgage,Medical,1,0
62,151001,35,91510,24.778836087059037,Mortgage,Home,0,0
78,66737,48,60790,16.954096897103277,Own,Education,1,0
36,150912,26,8660,4.923743712712116,Other,Business,0,0
76,109031,8,27245,13.641911970069657,Other,Personal,0,0
55,40991,38,1238,14.170751321980235,Mortgage,Home,1,0
33,47472,0,20920,13.832267847112124,Rent,Education,0,0
19,79946,6,47659,15.098312285960224,Own,Home,0,0
57,177921,25,75874,2.4306684172709856,Other,Business,0,0
34,21541,6,43517,18.358227473821554,Mortgage,Education,0,0
72,149237,6,76885,18.385068944918725,Mortgage,Home,0,0
51,22765,7,47350,4.655804829091422,Rent,Education,0,0
59,63074,15,78179,15.115507176253416,Rent,Education,0,0
77,122795,2,29274,15.072307196022816,Other,Home,0,0
33,180355,44,46013,17.6963596643792,Rent,Education,0,0
55,121387,9,40913,3.964146919106865,Rent,Business,0,0
77,151841,49,46819,16.409576067120216,Own,Home,0,0
19,168878,6,83168,8.457294867165848,Mortgage,Home,0,0
19,22972,20,93680,13.661068781411954,Mortgage,Business,1,0
43,169328,36,78857,19.786441712193763,Rent,Business,0,0
30,123903,30,95792,18.229856536349306,Mortgage,Business,0,0
73,169725,22,65910,4.734769406593848,Mortgage,Education,1,1
64,123579,26,24485,15.597250103669685,Other,Education,0,0
48,59339,21,3860,24.289680211636988,Mortgage,Medical,1,0
77,176829,38,50875,5.6056970587050525,Rent,Education,0,0
51,123376,26,15919,21.616863017684544,Other,Business,0,0
56,62399,48,99873,18.15860585273687,Mortgage,Medical,0,0
20,64013,3,74947,19.80207619692447,Mortgage,Business,0,0
25,165778,23,10586,8.485041524280845,Other,Personal,1,1
40,189303,22,52986,8.621445375736377,Other,Home,1,1
31,47909,47,90848,22.838447482859227,Mortgage,Personal,1,0
73,177541,18,24055,10.27613673812885,Own,Business,1,0
79,152385,41,35890,3.449353985934641,Own,Education,1,1
72,158919,2,64081,15.813724182327352,Mortgage,Home,0,0
44,161002,26,29807,4.870806387962381,Mortgage,Education,1,1
71,23285,2,86920,20.321713552381887,Other,Education,0,0
46,143637,27,48177,16.76016817752432,Other,Home,0,0
56,55863,16,95461,22.118709620087788,Mortgage,Home,0,0
70,167776,30,69625,20.05125674500061,Mortgage,Personal,1,1
56,169777,9,15242,4.578613911778511,Mortgage,Business,0,0
18,151627,48,57317,10.764625557991712,Mortgage,Education,1,1
34,41323,21,40978,19.814885748035508,Own,Business,0,0
58,90968,29,17433,11.598853885125493,Other,Business,0,0
47,73915,48,34282,24.3644061499395,Rent,Medical,1,1
70,129543,20,77519,18.92203034754933,Mortgage,Personal,0,0
30,161691,35,44578,2.3564980838773835,Mortgage,Education,1,0
38,128500,22,71207,22.23967090589924,Mortgage,Home,0,0
36,172297,37,25133,4.3185100519768245,Rent,Home,0,1
70,131266,11,51317,5.232045656141975,Other,Business,1,0
36,46739,24,66950,18.893325214054173,Other,Personal,0,0
74,198780,19,60612,21.894276866901045,Mortgage,Personal,0,0
42,148041,48,65873,14.336041441689787,Mortgage,Education,0,1
39,73019,48,87778,8.64814385775292,Other,Education,0,0
48,27373,41,63002,10.080257540823037,Rent,Business,0,0
34,186353,6,53508,9.886454580709287,Mortgage,Business,0,0
72,40187,28,39379,9.513596387618781,Rent,Business,1,0
